dyad,statelno,statelab,dependl,conttype,statehno,statehab,dependh,begin,end,version
2020,2,"USA",3,1,20,"CAN",0,1920,1959,3.1
2031,2,"USA",1044,5,31,"BHM",0,1973,2016,3.1
2040,2,"USA",1087,5,40,"CUB",0,1909,1971,3.1
2040,2,"USA",1087,5,40,"CUB",0,1902,1906,3.1
2040,2,"USA",1044,4,40,"CUB",0,1916,2016,3.1
2041,2,"USA",1044,4,41,"HAI",0,1934,2016,3.1
2042,2,"USA",5,5,42,"DOM",0,1924,2016,3.1
2042,2,"USA",6,4,42,"DOM",0,1898,1916,3.1
2042,2,"USA",6,4,42,"DOM",0,1924,2016,3.1
2051,2,"USA",1044,4,51,"JAM",0,1962,2016,3.1
2051,2,"USA",1087,5,51,"JAM",0,1962,1971,3.1
2054,2,"USA",5,5,54,"DMA",0,1978,2016,3.1
2054,2,"USA",6,5,54,"DMA",0,1978,2016,3.1
2056,2,"USA",5,5,56,"SLU",0,1979,2016,3.1
2057,2,"USA",5,5,57,"SVG",0,1979,2016,3.1
2058,2,"USA",5,5,58,"AAB",0,1981,2016,3.1
2058,2,"USA",6,5,58,"AAB",0,1981,2016,3.1
2060,2,"USA",5,4,60,"SKN",0,1983,2016,3.1
2060,2,"USA",6,5,60,"SKN",0,1983,2016,3.1
2070,2,"USA",1087,5,70,"MEX",0,1863,1971,3.1
2091,2,"USA",1087,4,91,"HON",0,1899,1971,3.1
2093,2,"USA",1088,4,93,"NIC",0,1916,1970,3.1
2093,2,"USA",96,5,93,"NIC",0,1903,1978,3.1
2094,2,"USA",96,5,94,"COS",0,1920,1978,3.1
2094,2,"USA",1088,4,94,"COS",0,1920,1970,3.1
2095,2,"USA",96,1,95,"PAN",0,1920,1978,3.1
2095,2,"USA",1088,5,95,"PAN",0,1920,1970,3.1
2100,2,"USA",1088,4,100,"COL",0,1928,1970,3.1
2100,2,"USA",1087,5,100,"COL",0,1928,1971,3.1
2100,2,"USA",96,5,100,"COL",0,1903,1978,3.1
2101,2,"USA",5,5,101,"VEN",0,1917,2016,3.1
40200,40,"CUB",0,4,200,"UKG",1032,1973,2016,3.1
40200,40,"CUB",0,4,200,"UKG",31,1902,1905,3.1
40200,40,"CUB",0,5,200,"UKG",80,1902,1905,3.1
101200,101,"VEN",0,4,200,"UKG",57,1962,1979,3.1
101200,101,"VEN",0,5,200,"UKG",1061,1956,2016,3.1
55200,55,"GRN",0,5,200,"UKG",54,1974,1977,3.1
100200,100,"COL",0,5,200,"UKG",1063,1871,1955,3.1
52200,52,"TRI",0,4,200,"UKG",54,1962,1977,3.1
53200,53,"BAR",0,4,200,"UKG",57,1966,1979,3.1
52200,52,"TRI",0,4,200,"UKG",55,1962,1973,3.1
42200,42,"DOM",0,5,200,"UKG",1063,1924,1955,3.1
2200,2,"USA",5,4,200,"UKG",1062,1969,2016,3.1
91200,91,"HON",0,5,200,"UKG",1033,1962,2016,3.1
53200,53,"BAR",0,4,200,"UKG",56,1966,1978,3.1
91200,91,"HON",0,5,200,"UKG",50,1958,1961,3.1
2200,2,"USA",6,5,200,"UKG",1055,1898,1957,3.1
140200,140,"BRA",0,1,200,"UKG",110,1826,1965,3.1
91200,91,"HON",0,5,200,"UKG",51,1899,1957,3.1
2200,2,"USA",1044,5,200,"UKG",1033,1962,2016,3.1
53200,53,"BAR",0,5,200,"UKG",54,1966,1977,3.1
2200,2,"USA",1044,5,200,"UKG",31,1916,1972,3.1
101200,101,"VEN",0,5,200,"UKG",59,1841,1870,3.1
54200,54,"DMA",0,4,200,"UKG",59,1978,2016,3.1
2200,2,"USA",840,5,200,"UKG",835,1898,1940,3.1
56200,56,"SLU",0,5,200,"UKG",60,1979,1982,3.1
93200,93,"NIC",0,5,200,"UKG",51,1900,1957,3.1
56200,56,"SLU",0,3,200,"UKG",57,1979,1979,3.1
54200,54,"DMA",0,5,200,"UKG",57,1978,1979,3.1
2200,2,"USA",5,5,200,"UKG",56,1962,1978,3.1
41200,41,"HAI",0,4,200,"UKG",1032,1973,2016,3.1
2200,2,"USA",980,5,200,"UKG",946,1975,1978,3.1
90200,90,"GUA",0,1,200,"UKG",51,1868,1883,3.1
42200,42,"DOM",0,4,200,"UKG",31,1924,1972,3.1
41200,41,"HAI",0,4,200,"UKG",51,1859,1914,3.1
101200,101,"VEN",0,4,200,"UKG",1049,1841,1897,3.1
2200,2,"USA",0,1,200,"UKG",1026,1816,1841,3.1
40200,40,"CUB",0,4,200,"UKG",50,1958,1961,3.1
2200,2,"USA",4,4,200,"UKG",945,1912,1959,3.1
60200,60,"SKN",0,4,200,"UKG",1062,1983,2016,3.1
42200,42,"DOM",0,4,200,"UKG",50,1958,1961,3.1
101200,101,"VEN",0,5,200,"UKG",1075,1841,1881,3.1
42200,42,"DOM",0,5,200,"UKG",51,1924,1957,3.1
2200,2,"USA",5,5,200,"UKG",1055,1917,1957,3.1
70200,70,"MEX",0,5,200,"UKG",51,1831,1861,3.1
20200,20,"CAN",0,1,200,"UKG",21,1933,1948,3.1
101200,101,"VEN",0,4,200,"UKG",59,1956,1958,3.1
100200,100,"COL",0,5,200,"UKG",50,1958,1961,3.1
54200,54,"DMA",0,4,200,"UKG",56,1978,1978,3.1
2200,2,"USA",991,5,200,"UKG",945,1916,1924,3.1
2200,2,"USA",6,4,200,"UKG",60,1962,1968,3.1
155200,155,"CHL",0,5,200,"UKG",1163,1839,2016,3.1
91200,91,"HON",0,4,200,"UKG",80,1899,1980,3.1
54200,54,"DMA",0,5,200,"UKG",1061,1978,2016,3.1
51200,51,"JAM",0,5,200,"UKG",1032,1973,2016,3.1
100200,100,"COL",0,5,200,"UKG",1081,1831,1859,3.1
53200,53,"BAR",0,5,200,"UKG",58,1966,1980,3.1
56200,56,"SLU",0,5,200,"UKG",58,1979,1980,3.1
2200,2,"USA",3,1,200,"UKG",20,1869,1919,3.1
101200,101,"VEN",0,1,200,"UKG",110,1841,1965,3.1
70200,70,"MEX",0,1,200,"UKG",51,1862,1883,3.1
110200,110,"GUY",0,5,200,"UKG",56,1966,1978,3.1
2200,2,"USA",991,5,200,"UKG",925,1900,1919,3.1
2200,2,"USA",1087,5,200,"UKG",51,1863,1957,3.1
60200,60,"SKN",0,4,200,"UKG",1061,1983,2016,3.1
101200,101,"VEN",0,4,200,"UKG",1063,1871,1939,3.1
93200,93,"NIC",0,5,200,"UKG",1033,1962,2016,3.1
60200,60,"SKN",0,4,200,"UKG",59,1983,2016,3.1
40200,40,"CUB",0,5,200,"UKG",80,1909,1980,3.1
2200,2,"USA",9740,4,200,"UKG",945,1960,1974,3.1
101200,101,"VEN",0,4,200,"UKG",58,1962,1980,3.1
57200,57,"SVG",0,5,200,"UKG",59,1979,2016,3.1
101200,101,"VEN",0,4,200,"UKG",60,1962,1982,3.1
41200,41,"HAI",0,4,200,"UKG",31,1934,1972,3.1
2200,2,"USA",9740,4,200,"UKG",946,1975,1978,3.1
58200,58,"AAB",0,4,200,"UKG",1062,1981,2016,3.1
58200,58,"AAB",0,5,200,"UKG",1061,1981,2016,3.1
40200,40,"CUB",0,4,200,"UKG",51,1909,1957,3.1
55200,55,"GRN",0,2,200,"UKG",57,1974,1979,3.1
2200,2,"USA",1044,4,200,"UKG",51,1916,1957,3.1
55200,55,"GRN",0,5,200,"UKG",58,1974,1980,3.1
55200,55,"GRN",0,5,200,"UKG",59,1974,2016,3.1
101200,101,"VEN",0,5,200,"UKG",56,1962,1978,3.1
2200,2,"USA",5,2,200,"UKG",59,1956,1958,3.1
101200,101,"VEN",0,3,200,"UKG",52,1841,1957,3.1
42200,42,"DOM",0,5,200,"UKG",1061,1956,2016,3.1
101200,101,"VEN",0,4,200,"UKG",59,1962,2016,3.1
101200,101,"VEN",0,4,200,"UKG",54,1841,1870,3.1
42200,42,"DOM",0,5,200,"UKG",51,1894,1915,3.1
56200,56,"SLU",0,5,200,"UKG",1061,1979,2016,3.1
93200,93,"NIC",0,5,200,"UKG",50,1958,1961,3.1
2200,2,"USA",5,4,200,"UKG",60,1956,1957,3.1
100200,100,"COL",0,5,200,"UKG",51,1928,1957,3.1
101200,101,"VEN",0,5,200,"UKG",53,1962,1965,3.1
57200,57,"SVG",0,5,200,"UKG",58,1979,1980,3.1
2200,2,"USA",0,4,200,"UKG",31,1865,1973,3.1
2200,2,"USA",840,3,200,"UKG",823,1945,1945,3.1
2200,2,"USA",0,2,200,"UKG",1028,1849,1865,3.1
52200,52,"TRI",0,5,200,"UKG",56,1962,1978,3.1
58200,58,"AAB",0,4,200,"UKG",60,1981,1982,3.1
2200,2,"USA",6,4,200,"UKG",50,1958,1961,3.1
2200,2,"USA",1087,5,200,"UKG",80,1884,1971,3.1
2200,2,"USA",3,1,200,"UKG",1019,1867,1868,3.1
101200,101,"VEN",0,3,200,"UKG",50,1958,1961,3.1
42200,42,"DOM",0,4,200,"UKG",1032,1973,2016,3.1
2200,2,"USA",6,5,200,"UKG",60,1969,1982,3.1
2200,2,"USA",5,4,200,"UKG",60,1962,1982,3.1
2200,2,"USA",5,2,200,"UKG",1063,1917,1955,3.1
53200,53,"BAR",0,4,200,"UKG",55,1966,1973,3.1
101200,101,"VEN",0,4,200,"UKG",60,1956,1957,3.1
2200,2,"USA",6,5,200,"UKG",59,1962,2016,3.1
2200,2,"USA",6,5,200,"UKG",54,1962,1977,3.1
2200,2,"USA",6,5,200,"UKG",58,1956,1957,3.1
41200,41,"HAI",0,5,200,"UKG",1033,1962,2016,3.1
31200,31,"BHM",0,4,200,"UKG",1032,1973,2016,3.1
2200,2,"USA",0,1,200,"UKG",20,1841,1919,3.1
2200,2,"USA",6,4,200,"UKG",1061,1956,2016,3.1
52200,52,"TRI",0,5,200,"UKG",59,1962,2016,3.1
52200,52,"TRI",0,4,200,"UKG",57,1962,1979,3.1
2200,2,"USA",1087,5,200,"UKG",50,1958,1961,3.1
2200,2,"USA",5,5,200,"UKG",57,1962,1979,3.1
2200,2,"USA",6,4,200,"UKG",60,1956,1957,3.1
2200,2,"USA",1044,5,200,"UKG",1032,1973,2016,3.1
52200,52,"TRI",0,5,200,"UKG",110,1962,1965,3.1
42200,42,"DOM",0,5,200,"UKG",60,1962,1982,3.1
2200,2,"USA",6,4,200,"UKG",1062,1969,2016,3.1
42200,42,"DOM",0,5,200,"UKG",60,1956,1957,3.1
2200,2,"USA",0,1,200,"UKG",1023,1816,1867,3.1
70200,70,"MEX",0,5,200,"UKG",1033,1962,2016,3.1
110200,110,"GUY",0,5,200,"UKG",57,1966,1979,3.1
2200,2,"USA",840,3,200,"UKG",823,1898,1941,3.1
2200,2,"USA",6,4,200,"UKG",1063,1898,1955,3.1
2200,2,"USA",5,5,200,"UKG",58,1956,1957,3.1
2200,2,"USA",991,5,200,"UKG",9201,1900,1915,3.1
2200,2,"USA",6,5,200,"UKG",58,1962,1980,3.1
2200,2,"USA",1044,4,200,"UKG",50,1958,1961,3.1
2200,2,"USA",3,1,200,"UKG",1027,1867,1870,3.1
2200,2,"USA",0,4,200,"UKG",1022,1816,1867,3.1
2200,2,"USA",9740,4,200,"UKG",945,1892,1911,3.1
41200,41,"HAI",0,4,200,"UKG",50,1958,1961,3.1
57200,57,"SVG",0,5,200,"UKG",60,1979,1982,3.1
41200,41,"HAI",0,4,200,"UKG",51,1934,1957,3.1
2200,2,"USA",5,5,200,"UKG",59,1962,2016,3.1
2200,2,"USA",1087,5,200,"UKG",1033,1962,1971,3.1
58200,58,"AAB",0,4,200,"UKG",59,1981,2016,3.1
2200,2,"USA",991,5,200,"UKG",955,1900,1969,3.1
101200,101,"VEN",0,4,200,"UKG",55,1962,1973,3.1
101200,101,"VEN",0,5,200,"UKG",1063,1940,1955,3.1
2200,2,"USA",5,5,200,"UKG",54,1962,1977,3.1
101200,101,"VEN",0,4,200,"UKG",1055,1841,1959,3.1
51200,51,"JAM",0,5,200,"UKG",31,1962,1972,3.1
51200,51,"JAM",0,4,200,"UKG",1033,1962,2016,3.1
2200,2,"USA",0,4,200,"UKG",31,1821,1861,3.1
101200,101,"VEN",0,4,200,"UKG",54,1962,1977,3.1
70200,70,"MEX",0,5,200,"UKG",51,1884,1957,3.1
40200,40,"CUB",0,4,200,"UKG",31,1909,1972,3.1
110200,110,"GUY",0,5,200,"UKG",55,1966,1973,3.1
70200,70,"MEX",0,1,200,"UKG",80,1884,1980,3.1
90200,90,"GUA",0,1,200,"UKG",80,1884,1980,3.1
52200,52,"TRI",0,4,200,"UKG",53,1962,1965,3.1
56200,56,"SLU",0,5,200,"UKG",59,1979,2016,3.1
2200,2,"USA",0,1,200,"UKG",1027,1858,1870,3.1
42200,42,"DOM",0,5,200,"UKG",1063,1894,1915,3.1
101200,101,"VEN",0,5,200,"UKG",53,1841,1957,3.1
70200,70,"MEX",0,1,200,"UKG",80,1831,1861,3.1
2200,2,"USA",0,1,200,"UKG",1025,1816,1841,3.1
2200,2,"USA",6,5,200,"UKG",59,1956,1958,3.1
70200,70,"MEX",0,5,200,"UKG",1082,1852,1859,3.1
2200,2,"USA",6,5,200,"UKG",1032,1973,2016,3.1
40200,40,"CUB",0,4,200,"UKG",1033,1962,2016,3.1
55200,55,"GRN",0,5,200,"UKG",60,1974,1982,3.1
54200,54,"DMA",0,4,200,"UKG",60,1978,1982,3.1
2200,2,"USA",9770,5,200,"UKG",946,1975,1978,3.1
2200,2,"USA",980,5,200,"UKG",945,1947,1974,3.1
160200,160,"ARG",0,5,200,"UKG",1163,1841,2016,3.1
2200,2,"USA",5,2,200,"UKG",1061,1956,2016,3.1
101200,101,"VEN",0,4,200,"UKG",58,1956,1957,3.1
40200,40,"CUB",0,4,200,"UKG",51,1902,1905,3.1
2200,2,"USA",5,5,200,"UKG",58,1962,1980,3.1
42200,42,"DOM",0,4,200,"UKG",31,1894,1915,3.1
2200,2,"USA",9770,5,200,"UKG",945,1935,1974,3.1
41200,41,"HAI",0,4,200,"UKG",31,1859,1914,3.1
101200,101,"VEN",0,5,200,"UKG",1076,1841,1881,3.1
2200,2,"USA",5,4,200,"UKG",50,1958,1961,3.1
2200,2,"USA",840,5,200,"UKG",835,1945,1945,3.1
70200,70,"MEX",0,5,200,"UKG",50,1958,1961,3.1
200210,200,"UKG",1076,4,210,"NTH",1068,1816,1827,3.1
2210,2,"USA",980,5,210,"NTH",851,1949,1961,3.1
200210,200,"UKG",58,4,210,"NTH",1074,1828,1844,3.1
100210,100,"COL",0,4,210,"NTH",1065,1831,1844,3.1
100210,100,"COL",0,4,210,"NTH",68,1845,1940,3.1
200210,200,"UKG",50,2,210,"NTH",68,1958,1961,3.1
200210,200,"UKG",55,5,210,"NTH",1068,1816,1827,3.1
101210,101,"VEN",0,4,210,"NTH",1066,1841,1844,3.1
200210,200,"UKG",8221,3,210,"NTH",850,1914,1940,3.1
200210,200,"UKG",1062,3,210,"NTH",1074,1828,1844,3.1
140210,140,"BRA",0,1,210,"NTH",115,1945,1974,3.1
57210,57,"SVG",0,5,210,"NTH",68,1979,2016,3.1
200210,200,"UKG",9008,4,210,"NTH",850,1901,1930,3.1
200210,200,"UKG",56,5,210,"NTH",1068,1816,1827,3.1
101210,101,"VEN",0,4,210,"NTH",1065,1841,1844,3.1
101210,101,"VEN",0,3,210,"NTH",1069,1841,1844,3.1
200210,200,"UKG",1063,2,210,"NTH",68,1871,1940,3.1
200210,200,"UKG",110,1,210,"NTH",115,1816,1940,3.1
200210,200,"UKG",1061,4,210,"NTH",68,1845,1870,3.1
200210,200,"UKG",2249,4,210,"NTH",0,1816,1889,3.1
200210,200,"UKG",1075,4,210,"NTH",1073,1816,1827,3.1
200210,200,"UKG",52,5,210,"NTH",115,1816,1940,3.1
200210,200,"UKG",824,1,210,"NTH",850,1888,1940,3.1
200210,200,"UKG",1076,4,210,"NTH",68,1845,1881,3.1
200210,200,"UKG",58,4,210,"NTH",1073,1816,1827,3.1
200210,200,"UKG",54,5,210,"NTH",68,1962,1977,3.1
101210,101,"VEN",0,3,210,"NTH",68,1945,2016,3.1
200210,200,"UKG",59,4,210,"NTH",68,1956,1958,3.1
41210,41,"HAI",0,5,210,"NTH",1069,1986,2016,3.1
200210,200,"UKG",750,4,210,"NTH",850,1903,1940,3.1
200210,200,"UKG",8222,5,210,"NTH",850,1945,1945,3.1
200210,200,"UKG",57,5,210,"NTH",1067,1816,1827,3.1
200210,200,"UKG",1062,3,210,"NTH",68,1845,1881,3.1
200210,200,"UKG",57,5,210,"NTH",1068,1816,1827,3.1
200210,200,"UKG",56,5,210,"NTH",68,1962,1978,3.1
200210,200,"UKG",1061,4,210,"NTH",1068,1816,1827,3.1
200210,200,"UKG",58,4,210,"NTH",68,1962,1980,3.1
200210,200,"UKG",1055,5,210,"NTH",68,1945,1959,3.1
200210,200,"UKG",58,4,210,"NTH",68,1956,1957,3.1
200210,200,"UKG",775,5,210,"NTH",850,1945,1947,3.1
200210,200,"UKG",1055,5,210,"NTH",68,1845,1940,3.1
200210,200,"UKG",1062,3,210,"NTH",68,1969,2016,3.1
200210,200,"UKG",823,1,210,"NTH",850,1901,1940,3.1
200210,200,"UKG",59,4,210,"NTH",1067,1816,1827,3.1
200210,200,"UKG",55,5,210,"NTH",68,1962,1973,3.1
200210,200,"UKG",59,4,210,"NTH",68,1845,1870,3.1
200210,200,"UKG",60,2,210,"NTH",68,1956,1957,3.1
200210,200,"UKG",1076,4,210,"NTH",1074,1828,1844,3.1
200210,200,"UKG",820,3,210,"NTH",850,1946,1948,3.1
200210,200,"UKG",911,1,210,"NTH",850,1884,1919,3.1
41210,41,"HAI",0,5,210,"NTH",68,1859,1914,3.1
200210,200,"UKG",54,5,210,"NTH",1067,1816,1827,3.1
200210,200,"UKG",900,4,210,"NTH",850,1901,1919,3.1
200210,200,"UKG",827,2,210,"NTH",850,1826,1940,3.1
200210,200,"UKG",1062,4,210,"NTH",1067,1816,1827,3.1
200210,200,"UKG",1061,4,210,"NTH",68,1956,2016,3.1
52210,52,"TRI",0,5,210,"NTH",115,1962,1974,3.1
2210,2,"USA",5,4,210,"NTH",68,1917,1940,3.1
54210,54,"DMA",0,5,210,"NTH",68,1978,2016,3.1
2210,2,"USA",6,4,210,"NTH",68,1898,1940,3.1
200210,200,"UKG",56,5,210,"NTH",1074,1828,1837,3.1
42210,42,"DOM",0,5,210,"NTH",68,1945,2016,3.1
42210,42,"DOM",0,5,210,"NTH",68,1924,1940,3.1
42210,42,"DOM",0,5,210,"NTH",68,1894,1915,3.1
2210,2,"USA",980,5,210,"NTH",850,1947,1948,3.1
101210,101,"VEN",0,3,210,"NTH",1069,1986,2016,3.1
200210,200,"UKG",50,5,210,"NTH",115,1958,1961,3.1
58210,58,"AAB",0,4,210,"NTH",68,1981,2016,3.1
200210,200,"UKG",58,4,210,"NTH",1067,1816,1827,3.1
41210,41,"HAI",0,5,210,"NTH",68,1945,2016,3.1
200210,200,"UKG",57,5,210,"NTH",68,1962,1979,3.1
41210,41,"HAI",0,5,210,"NTH",68,1934,1940,3.1
200210,200,"UKG",775,5,210,"NTH",850,1937,1940,3.1
200210,200,"UKG",1061,4,210,"NTH",1074,1828,1844,3.1
200210,200,"UKG",1076,4,210,"NTH",1067,1816,1827,3.1
110210,110,"GUY",0,1,210,"NTH",115,1966,1974,3.1
200210,200,"UKG",1076,4,210,"NTH",1073,1816,1827,3.1
200210,200,"UKG",59,4,210,"NTH",1068,1816,1827,3.1
200210,200,"UKG",54,5,210,"NTH",68,1845,1870,3.1
200210,200,"UKG",8225,5,210,"NTH",850,1909,1940,3.1
60210,60,"SKN",0,2,210,"NTH",68,1983,2016,3.1
200210,200,"UKG",1075,4,210,"NTH",1067,1816,1827,3.1
200210,200,"UKG",57,5,210,"NTH",1074,1828,1832,3.1
200210,200,"UKG",8222,5,210,"NTH",850,1909,1940,3.1
200210,200,"UKG",4781,5,210,"NTH",4535,1861,1870,3.1
200210,200,"UKG",1075,2,210,"NTH",1074,1828,1844,3.1
56210,56,"SLU",0,5,210,"NTH",68,1979,2016,3.1
200210,200,"UKG",110,1,210,"NTH",115,1945,1965,3.1
200210,200,"UKG",1061,4,210,"NTH",1073,1816,1827,3.1
200210,200,"UKG",56,5,210,"NTH",1067,1816,1827,3.1
200210,200,"UKG",59,4,210,"NTH",1073,1816,1827,3.1
200210,200,"UKG",8225,5,210,"NTH",850,1945,1945,3.1
200210,200,"UKG",8224,5,210,"NTH",850,1945,1945,3.1
100210,100,"COL",0,4,210,"NTH",1069,1831,1844,3.1
200210,200,"UKG",58,4,210,"NTH",1068,1816,1827,3.1
200210,200,"UKG",59,4,210,"NTH",1074,1828,1844,3.1
55210,55,"GRN",0,5,210,"NTH",68,1974,2016,3.1
100210,100,"COL",0,4,210,"NTH",1069,1986,2016,3.1
2210,2,"USA",840,4,210,"NTH",850,1945,1945,3.1
200210,200,"UKG",58,4,210,"NTH",68,1845,1870,3.1
200210,200,"UKG",1062,4,210,"NTH",1068,1816,1827,3.1
2210,2,"USA",6,5,210,"NTH",1069,1986,2016,3.1
200210,200,"UKG",821,4,210,"NTH",850,1945,1945,3.1
200210,200,"UKG",60,2,210,"NTH",68,1962,1982,3.1
200210,200,"UKG",1063,2,210,"NTH",68,1945,1955,3.1
200210,200,"UKG",827,2,210,"NTH",850,1945,1945,3.1
200210,200,"UKG",905,4,210,"NTH",850,1859,1900,3.1
200210,200,"UKG",54,5,210,"NTH",1068,1816,1827,3.1
200210,200,"UKG",1061,4,210,"NTH",1067,1816,1827,3.1
200210,200,"UKG",750,1,210,"NTH",7503,1818,1824,3.1
200210,200,"UKG",1075,2,210,"NTH",1068,1816,1827,3.1
200210,200,"UKG",8224,5,210,"NTH",850,1909,1940,3.1
200210,200,"UKG",1055,5,210,"NTH",1074,1833,1844,3.1
101210,101,"VEN",0,3,210,"NTH",68,1845,1940,3.1
200210,200,"UKG",821,4,210,"NTH",850,1896,1940,3.1
2210,2,"USA",5,4,210,"NTH",68,1945,2016,3.1
200210,200,"UKG",823,1,210,"NTH",850,1945,1948,3.1
200210,200,"UKG",8221,3,210,"NTH",850,1945,1945,3.1
200210,200,"UKG",830,2,210,"NTH",850,1946,1948,3.1
200210,200,"UKG",824,1,210,"NTH",850,1945,1948,3.1
200210,200,"UKG",452,1,210,"NTH",4535,1816,1870,3.1
200210,200,"UKG",55,5,210,"NTH",1067,1816,1827,3.1
100210,100,"COL",0,4,210,"NTH",68,1945,2016,3.1
200210,200,"UKG",55,5,210,"NTH",1074,1828,1832,3.1
42210,42,"DOM",0,5,210,"NTH",1069,1986,2016,3.1
200210,200,"UKG",1075,2,210,"NTH",68,1845,1881,3.1
200210,200,"UKG",1062,3,210,"NTH",1073,1816,1827,3.1
200210,200,"UKG",54,5,210,"NTH",1074,1828,1844,3.1
2210,2,"USA",840,4,210,"NTH",850,1898,1940,3.1
200210,200,"UKG",59,4,210,"NTH",68,1962,2016,3.1
140210,140,"BRA",0,1,210,"NTH",115,1826,1940,3.1
200210,200,"UKG",52,5,210,"NTH",115,1945,1957,3.1
200210,200,"UKG",750,4,210,"NTH",850,1945,1946,3.1
2210,2,"USA",6,4,210,"NTH",68,1945,2016,3.1
200211,200,"UKG",550,1,211,"BEL",490,1953,1959,3.1
200211,200,"UKG",552,1,211,"BEL",490,1889,1898,3.1
200211,200,"UKG",510,3,211,"BEL",490,1945,1959,3.1
200211,200,"UKG",500,1,211,"BEL",490,1894,1940,3.1
200211,200,"UKG",500,1,211,"BEL",490,1945,1959,3.1
200211,200,"UKG",625,1,211,"BEL",490,1898,1940,3.1
200211,200,"UKG",551,1,211,"BEL",490,1899,1940,3.1
200211,200,"UKG",500,1,211,"BEL",515,1922,1940,3.1
200211,200,"UKG",510,1,211,"BEL",515,1922,1940,3.1
200211,200,"UKG",510,3,211,"BEL",490,1922,1940,3.1
200211,200,"UKG",510,1,211,"BEL",515,1945,1960,3.1
200211,200,"UKG",500,1,211,"BEL",515,1945,1961,3.1
200211,200,"UKG",551,1,211,"BEL",490,1945,1952,3.1
200211,200,"UKG",625,1,211,"BEL",490,1945,1955,3.1
53220,53,"BAR",0,5,220,"FRN",65,1966,2016,3.1
200220,200,"UKG",955,5,220,"FRN",9321,1944,1969,3.1
200220,200,"UKG",452,1,220,"FRN",432,1904,1918,3.1
200220,200,"UKG",59,4,220,"FRN",65,1956,1958,3.1
200220,200,"UKG",475,4,220,"FRN",483,1944,1959,3.1
210220,210,"NTH",1067,4,220,"FRN",65,1816,1827,3.1
200220,200,"UKG",1061,4,220,"FRN",65,1956,2016,3.1
200220,200,"UKG",591,4,220,"FRN",585,1960,1975,3.1
200220,200,"UKG",625,1,220,"FRN",482,1944,1955,3.1
200220,200,"UKG",1062,2,220,"FRN",65,1969,2016,3.1
200220,200,"UKG",452,1,220,"FRN",432,1944,1946,3.1
200220,200,"UKG",352,4,220,"FRN",652,1920,1942,3.1
200220,200,"UKG",56,4,220,"FRN",66,1816,1837,3.1
200220,200,"UKG",947,5,220,"FRN",9321,1975,1978,3.1
200220,200,"UKG",475,5,220,"FRN",481,1944,1959,3.1
200220,200,"UKG",52,5,220,"FRN",65,1944,1957,3.1
200220,200,"UKG",52,5,220,"FRN",65,1816,1942,3.1
210220,210,"NTH",850,5,220,"FRN",810,1887,1940,3.1
200220,200,"UKG",8225,5,220,"FRN",810,1909,1940,3.1
200220,200,"UKG",475,1,220,"FRN",471,1922,1942,3.1
200220,200,"UKG",651,5,220,"FRN",652,1920,1921,3.1
200220,200,"UKG",60,2,220,"FRN",65,1962,1968,3.1
200220,200,"UKG",475,5,220,"FRN",461,1944,1959,3.1
200220,200,"UKG",58,4,220,"FRN",65,1816,1870,3.1
200220,200,"UKG",905,5,220,"FRN",930,1859,1900,3.1
200220,200,"UKG",521,1,220,"FRN",522,1884,1939,3.1
210220,210,"NTH",850,5,220,"FRN",810,1946,1948,3.1
211220,211,"BEL",490,1,220,"FRN",482,1906,1940,3.1
56220,56,"SLU",0,4,220,"FRN",65,1979,2016,3.1
200220,200,"UKG",475,5,220,"FRN",461,1922,1942,3.1
200220,200,"UKG",231,4,220,"FRN",615,1831,1942,3.1
52220,52,"TRI",0,5,220,"FRN",66,1962,2016,3.1
200220,200,"UKG",352,4,220,"FRN",660,1944,1945,3.1
200220,200,"UKG",452,1,220,"FRN",439,1919,1931,3.1
200220,200,"UKG",1049,5,220,"FRN",65,1816,1897,3.1
200220,200,"UKG",462,1,220,"FRN",439,1922,1931,3.1
200220,200,"UKG",820,5,220,"FRN",810,1946,1948,3.1
200220,200,"UKG",1023,5,220,"FRN",1029,1816,1866,3.1
200220,200,"UKG",59,4,220,"FRN",65,1816,1870,3.1
200220,200,"UKG",820,5,220,"FRN",815,1949,1953,3.1
200220,200,"UKG",472,1,220,"FRN",471,1922,1942,3.1
200220,200,"UKG",53,5,220,"FRN",65,1816,1942,3.1
200220,200,"UKG",452,1,220,"FRN",437,1889,1942,3.1
200220,200,"UKG",1063,2,220,"FRN",65,1944,1955,3.1
200220,200,"UKG",4784,1,220,"FRN",434,1899,1913,3.1
200220,200,"UKG",780,4,220,"FRN",751,1944,1947,3.1
200220,200,"UKG",955,5,220,"FRN",9321,1900,1942,3.1
60220,60,"SKN",0,5,220,"FRN",66,1983,2016,3.1
200220,200,"UKG",53,4,220,"FRN",66,1962,1965,3.1
200220,200,"UKG",775,1,220,"FRN",810,1937,1940,3.1
200220,200,"UKG",945,5,220,"FRN",9321,1944,1974,3.1
52220,52,"TRI",0,5,220,"FRN",65,1962,2016,3.1
200220,200,"UKG",55,5,220,"FRN",65,1962,1973,3.1
200220,200,"UKG",1062,2,220,"FRN",65,1816,1882,3.1
200220,200,"UKG",472,5,220,"FRN",481,1944,1959,3.1
200220,200,"UKG",475,1,220,"FRN",436,1944,1959,3.1
200220,200,"UKG",20,5,220,"FRN",1029,1841,1919,3.1
200220,200,"UKG",591,5,220,"FRN",5812,1974,1975,3.1
200220,200,"UKG",591,5,220,"FRN",5813,1903,1913,3.1
200220,200,"UKG",60,4,220,"FRN",65,1969,1982,3.1
200220,200,"UKG",625,1,220,"FRN",482,1906,1942,3.1
200220,200,"UKG",462,1,220,"FRN",461,1944,1955,3.1
200220,200,"UKG",591,5,220,"FRN",5814,1903,1913,3.1
200220,200,"UKG",56,4,220,"FRN",66,1962,1978,3.1
200220,200,"UKG",590,5,220,"FRN",580,1882,1902,3.1
200220,200,"UKG",59,4,220,"FRN",66,1816,1870,3.1
2220,2,"USA",5,4,220,"FRN",65,1944,2016,3.1
200220,200,"UKG",462,1,220,"FRN",432,1932,1942,3.1
200220,200,"UKG",21,2,220,"FRN",1029,1816,1919,3.1
200220,200,"UKG",663,1,220,"FRN",652,1923,1942,3.1
200220,200,"UKG",665,1,220,"FRN",652,1920,1942,3.1
200220,200,"UKG",56,4,220,"FRN",65,1962,1978,3.1
200220,200,"UKG",1061,5,220,"FRN",65,1816,1870,3.1
200220,200,"UKG",338,5,220,"FRN",616,1881,1942,3.1
200220,200,"UKG",750,1,220,"FRN",751,1944,1946,3.1
20220,20,"CAN",0,5,220,"FRN",1029,1920,1942,3.1
200220,200,"UKG",420,1,220,"FRN",433,1817,1942,3.1
200220,200,"UKG",821,5,220,"FRN",810,1896,1940,3.1
200220,200,"UKG",475,1,220,"FRN",436,1914,1942,3.1
210220,210,"NTH",68,5,220,"FRN",66,1945,2016,3.1
200220,200,"UKG",8203,5,220,"FRN",810,1888,1895,3.1
200220,200,"UKG",1049,5,220,"FRN",66,1816,1897,3.1
200220,200,"UKG",925,5,220,"FRN",9601,1888,1902,3.1
200220,200,"UKG",1021,5,220,"FRN",1029,1816,1819,3.1
101220,101,"VEN",0,5,220,"FRN",66,1841,1942,3.1
200220,200,"UKG",511,5,220,"FRN",5811,1895,1913,3.1
210220,210,"NTH",68,5,220,"FRN",66,1845,1940,3.1
200220,200,"UKG",4782,5,220,"FRN",481,1885,1898,3.1
200220,200,"UKG",950,5,220,"FRN",9321,1874,1942,3.1
200220,200,"UKG",1055,4,220,"FRN",65,1944,1959,3.1
200220,200,"UKG",21,2,220,"FRN",1029,1944,1948,3.1
2220,2,"USA",6,4,220,"FRN",65,1898,1942,3.1
55220,55,"GRN",0,4,220,"FRN",66,1974,2016,3.1
200220,200,"UKG",60,5,220,"FRN",66,1962,1982,3.1
200220,200,"UKG",1063,4,220,"FRN",66,1871,1942,3.1
200220,200,"UKG",510,5,220,"FRN",581,1947,1960,3.1
200220,200,"UKG",59,4,220,"FRN",66,1956,1958,3.1
200220,200,"UKG",60,2,220,"FRN",65,1956,1957,3.1
200220,200,"UKG",472,5,220,"FRN",481,1922,1942,3.1
200220,200,"UKG",59,4,220,"FRN",65,1962,2016,3.1
200220,200,"UKG",475,1,220,"FRN",471,1944,1959,3.1
200220,200,"UKG",4781,1,220,"FRN",434,1894,1905,3.1
57220,57,"SVG",0,4,220,"FRN",66,1979,2016,3.1
210220,210,"NTH",1073,1,220,"FRN",65,1816,1827,3.1
200220,200,"UKG",58,4,220,"FRN",65,1956,1957,3.1
200220,200,"UKG",1055,4,220,"FRN",66,1833,1942,3.1
200220,200,"UKG",510,5,220,"FRN",580,1922,1942,3.1
200220,200,"UKG",413,5,220,"FRN",481,1839,1842,3.1
200220,200,"UKG",475,1,220,"FRN",434,1914,1942,3.1
200220,200,"UKG",9620,5,220,"FRN",960,1944,2016,3.1
200220,200,"UKG",820,5,220,"FRN",811,1949,1952,3.1
200220,200,"UKG",50,4,220,"FRN",65,1958,1961,3.1
200220,200,"UKG",54,4,220,"FRN",66,1816,1870,3.1
200220,200,"UKG",9620,5,220,"FRN",9604,1881,1902,3.1
200220,200,"UKG",663,1,220,"FRN",652,1944,1945,3.1
200220,200,"UKG",21,2,220,"FRN",1029,1933,1942,3.1
140220,140,"BRA",0,1,220,"FRN",120,1826,1942,3.1
200220,200,"UKG",420,1,220,"FRN",433,1944,1958,3.1
2220,2,"USA",5,5,220,"FRN",66,1917,1942,3.1
200220,200,"UKG",1025,5,220,"FRN",1029,1816,1840,3.1
200220,200,"UKG",352,4,220,"FRN",660,1923,1942,3.1
200220,200,"UKG",665,1,220,"FRN",652,1944,1945,3.1
200220,200,"UKG",925,5,220,"FRN",9605,1888,1902,3.1
210220,210,"NTH",115,1,220,"FRN",120,1945,1974,3.1
200220,200,"UKG",900,5,220,"FRN",930,1901,1919,3.1
200220,200,"UKG",231,4,220,"FRN",615,1944,1961,3.1
200220,200,"UKG",625,1,220,"FRN",483,1920,1942,3.1
200220,200,"UKG",53,5,220,"FRN",65,1962,1965,3.1
200220,200,"UKG",590,5,220,"FRN",5813,1886,1902,3.1
200220,200,"UKG",462,1,220,"FRN",461,1922,1942,3.1
200220,200,"UKG",1022,5,220,"FRN",1029,1816,1866,3.1
200220,200,"UKG",590,5,220,"FRN",5802,1885,1895,3.1
56220,56,"SLU",0,4,220,"FRN",66,1979,2016,3.1
210220,210,"NTH",1068,4,220,"FRN",65,1816,1827,3.1
200220,200,"UKG",591,5,220,"FRN",580,1903,1942,3.1
200220,200,"UKG",9620,5,220,"FRN",960,1903,1942,3.1
200220,200,"UKG",645,1,220,"FRN",652,1920,1931,3.1
200220,200,"UKG",775,1,220,"FRN",810,1946,1947,3.1
211220,211,"BEL",490,1,220,"FRN",482,1945,1959,3.1
200220,200,"UKG",472,1,220,"FRN",471,1944,1959,3.1
20220,20,"CAN",0,5,220,"FRN",1029,1944,2016,3.1
200220,200,"UKG",591,5,220,"FRN",581,1947,1974,3.1
200220,200,"UKG",475,4,220,"FRN",483,1920,1942,3.1
200220,200,"UKG",53,5,220,"FRN",65,1944,1957,3.1
200220,200,"UKG",665,1,220,"FRN",660,1923,1942,3.1
57220,57,"SVG",0,5,220,"FRN",65,1979,2016,3.1
2220,2,"USA",6,5,220,"FRN",66,1898,1942,3.1
101220,101,"VEN",0,5,220,"FRN",65,1944,2016,3.1
211220,211,"BEL",490,1,220,"FRN",484,1885,1940,3.1
55220,55,"GRN",0,5,220,"FRN",65,1974,2016,3.1
200220,200,"UKG",475,1,220,"FRN",434,1944,1959,3.1
200220,200,"UKG",58,4,220,"FRN",65,1962,1980,3.1
200220,200,"UKG",1061,5,220,"FRN",66,1956,2016,3.1
200220,200,"UKG",57,5,220,"FRN",65,1962,1979,3.1
200220,200,"UKG",625,1,220,"FRN",483,1944,1955,3.1
200220,200,"UKG",4783,5,220,"FRN",481,1899,1913,3.1
200220,200,"UKG",511,5,220,"FRN",581,1947,1962,3.1
200220,200,"UKG",352,4,220,"FRN",652,1944,1945,3.1
200220,200,"UKG",1024,5,220,"FRN",1029,1816,1872,3.1
200220,200,"UKG",9620,5,220,"FRN",9603,1844,1902,3.1
200220,200,"UKG",452,1,220,"FRN",439,1947,1956,3.1
211220,211,"BEL",490,1,220,"FRN",484,1945,1959,3.1
101220,101,"VEN",0,5,220,"FRN",65,1841,1942,3.1
200220,200,"UKG",681,2,220,"FRN",522,1884,1942,3.1
200220,200,"UKG",1061,5,220,"FRN",66,1816,1870,3.1
54220,54,"DMA",0,4,220,"FRN",65,1978,2016,3.1
200220,200,"UKG",681,2,220,"FRN",522,1944,1966,3.1
200220,200,"UKG",511,5,220,"FRN",580,1944,1946,3.1
200220,200,"UKG",452,1,220,"FRN",432,1932,1942,3.1
200220,200,"UKG",54,4,220,"FRN",65,1816,1870,3.1
53220,53,"BAR",0,4,220,"FRN",66,1966,2016,3.1
140220,140,"BRA",0,1,220,"FRN",120,1944,2016,3.1
200220,200,"UKG",452,1,220,"FRN",437,1944,1956,3.1
210220,210,"NTH",1068,5,220,"FRN",66,1816,1827,3.1
200220,200,"UKG",750,1,220,"FRN",810,1893,1936,3.1
200220,200,"UKG",451,1,220,"FRN",438,1843,1942,3.1
200220,200,"UKG",53,4,220,"FRN",66,1816,1942,3.1
200220,200,"UKG",57,4,220,"FRN",66,1816,1832,3.1
200220,200,"UKG",338,5,220,"FRN",616,1944,1955,3.1
200220,200,"UKG",1076,5,220,"FRN",66,1816,1881,3.1
210220,210,"NTH",1067,5,220,"FRN",66,1816,1827,3.1
200220,200,"UKG",780,4,220,"FRN",751,1833,1942,3.1
200220,200,"UKG",925,5,220,"FRN",960,1903,1919,3.1
101220,101,"VEN",0,5,220,"FRN",66,1944,2016,3.1
200220,200,"UKG",451,1,220,"FRN",438,1944,1957,3.1
200220,200,"UKG",521,1,220,"FRN",522,1944,1959,3.1
2220,2,"USA",6,4,220,"FRN",65,1944,2016,3.1
200220,200,"UKG",420,1,220,"FRN",431,1959,1959,3.1
200220,200,"UKG",510,5,220,"FRN",580,1944,1946,3.1
200220,200,"UKG",452,1,220,"FRN",461,1956,1956,3.1
2220,2,"USA",5,4,220,"FRN",65,1917,1942,3.1
2220,2,"USA",6,5,220,"FRN",66,1944,2016,3.1
2220,2,"USA",5,5,220,"FRN",66,1944,2016,3.1
200220,200,"UKG",1063,4,220,"FRN",66,1944,1955,3.1
54220,54,"DMA",0,4,220,"FRN",66,1978,2016,3.1
200220,200,"UKG",1063,2,220,"FRN",65,1871,1942,3.1
200220,200,"UKG",50,4,220,"FRN",66,1958,1961,3.1
200220,200,"UKG",590,5,220,"FRN",5814,1886,1902,3.1
210220,210,"NTH",115,1,220,"FRN",120,1817,1940,3.1
200220,200,"UKG",665,1,220,"FRN",660,1944,1945,3.1
200220,200,"UKG",511,5,220,"FRN",580,1914,1942,3.1
210220,210,"NTH",68,1,220,"FRN",65,1845,1940,3.1
200220,200,"UKG",462,1,220,"FRN",439,1947,1955,3.1
200220,200,"UKG",54,4,220,"FRN",65,1962,1977,3.1
200220,200,"UKG",462,1,220,"FRN",432,1944,1946,3.1
200220,200,"UKG",53,4,220,"FRN",66,1944,1957,3.1
200220,200,"UKG",945,5,220,"FRN",9321,1892,1942,3.1
200220,200,"UKG",1055,4,220,"FRN",65,1833,1942,3.1
200220,200,"UKG",591,5,220,"FRN",5812,1903,1913,3.1
200220,200,"UKG",52,5,220,"FRN",66,1944,1957,3.1
200220,200,"UKG",52,5,220,"FRN",66,1816,1942,3.1
200220,200,"UKG",56,4,220,"FRN",65,1816,1837,3.1
200220,200,"UKG",55,5,220,"FRN",65,1816,1832,3.1
200220,200,"UKG",521,1,220,"FRN",522,1941,1942,3.1
200220,200,"UKG",1075,4,220,"FRN",65,1816,1881,3.1
200220,200,"UKG",591,5,220,"FRN",580,1944,1959,3.1
58220,58,"AAB",0,4,220,"FRN",65,1981,2016,3.1
200220,200,"UKG",1076,4,220,"FRN",65,1816,1881,3.1
200220,200,"UKG",8223,5,220,"FRN",810,1909,1940,3.1
200220,200,"UKG",591,5,220,"FRN",5811,1903,1913,3.1
200220,200,"UKG",4784,1,220,"FRN",436,1904,1913,3.1
200220,200,"UKG",4783,1,220,"FRN",434,1899,1913,3.1
200220,200,"UKG",590,4,220,"FRN",585,1944,1967,3.1
200220,200,"UKG",590,5,220,"FRN",5811,1886,1902,3.1
200220,200,"UKG",590,5,220,"FRN",5812,1843,1902,3.1
200220,200,"UKG",1055,4,220,"FRN",66,1944,1959,3.1
200220,200,"UKG",60,5,220,"FRN",66,1956,1957,3.1
210220,210,"NTH",850,5,220,"FRN",8151,1867,1886,3.1
60220,60,"SKN",0,4,220,"FRN",65,1983,2016,3.1
200220,200,"UKG",1075,5,220,"FRN",66,1816,1881,3.1
200220,200,"UKG",54,4,220,"FRN",66,1962,1977,3.1
210220,210,"NTH",1074,1,220,"FRN",65,1828,1844,3.1
200220,200,"UKG",950,5,220,"FRN",9321,1944,1969,3.1
200220,200,"UKG",475,5,220,"FRN",481,1914,1942,3.1
200220,200,"UKG",9201,5,220,"FRN",9321,1877,1915,3.1
210220,210,"NTH",68,1,220,"FRN",65,1945,2016,3.1
200220,200,"UKG",57,4,220,"FRN",66,1962,1979,3.1
115220,115,"SUR",0,1,220,"FRN",120,1975,2016,3.1
200220,200,"UKG",55,4,220,"FRN",66,1962,1973,3.1
200220,200,"UKG",59,4,220,"FRN",66,1962,2016,3.1
200220,200,"UKG",590,4,220,"FRN",585,1816,1942,3.1
200220,200,"UKG",55,4,220,"FRN",66,1816,1832,3.1
200220,200,"UKG",57,5,220,"FRN",65,1816,1832,3.1
210220,210,"NTH",1074,5,220,"FRN",66,1828,1844,3.1
200220,200,"UKG",750,1,220,"FRN",751,1816,1942,3.1
200220,200,"UKG",590,5,220,"FRN",5801,1840,1895,3.1
200230,200,"UKG",1055,5,230,"SPN",6,1871,1897,3.1
210230,210,"NTH",850,4,230,"SPN",840,1870,1897,3.1
200230,200,"UKG",80,1,230,"SPN",1070,1816,1820,3.1
200230,200,"UKG",231,4,230,"SPN",6064,1816,1912,3.1
200230,200,"UKG",1075,5,230,"SPN",42,1861,1864,3.1
200230,200,"UKG",54,5,230,"SPN",6,1821,1870,3.1
210230,210,"NTH",1074,4,230,"SPN",6,1828,1844,3.1
220230,220,"FRN",615,1,230,"SPN",602,1912,1942,3.1
210230,210,"NTH",1069,5,230,"SPN",1070,1816,1820,3.1
2230,2,"USA",985,5,230,"SPN",9810,1898,1898,3.1
220230,220,"FRN",615,4,230,"SPN",0,1944,1961,3.1
210230,210,"NTH",1073,4,230,"SPN",6,1821,1827,3.1
200230,200,"UKG",231,3,230,"SPN",6062,1816,1912,3.1
200230,200,"UKG",51,4,230,"SPN",1070,1816,1820,3.1
200230,200,"UKG",31,4,230,"SPN",1070,1816,1818,3.1
200230,200,"UKG",55,4,230,"SPN",100,1816,1818,3.1
200230,200,"UKG",59,5,230,"SPN",6,1821,1870,3.1
220230,220,"FRN",435,1,230,"SPN",609,1903,1942,3.1
200230,200,"UKG",1076,5,230,"SPN",6,1821,1881,3.1
200230,200,"UKG",1081,5,230,"SPN",100,1816,1818,3.1
200230,200,"UKG",4782,4,230,"SPN",411,1885,1898,3.1
220230,220,"FRN",66,5,230,"SPN",100,1816,1818,3.1
200230,200,"UKG",80,5,230,"SPN",40,1821,1861,3.1
100230,100,"COL",0,5,230,"SPN",42,1861,1864,3.1
200230,200,"UKG",1076,5,230,"SPN",42,1861,1864,3.1
200230,200,"UKG",1076,5,230,"SPN",1070,1816,1820,3.1
200230,200,"UKG",1061,5,230,"SPN",42,1861,1864,3.1
220230,220,"FRN",65,4,230,"SPN",6,1821,1897,3.1
200230,200,"UKG",31,4,230,"SPN",40,1821,1897,3.1
220230,220,"FRN",616,5,230,"SPN",0,1944,1955,3.1
200230,200,"UKG",472,4,230,"SPN",411,1922,1959,3.1
200230,200,"UKG",4783,4,230,"SPN",411,1899,1913,3.1
200230,200,"UKG",835,5,230,"SPN",840,1888,1897,3.1
200230,200,"UKG",110,1,230,"SPN",100,1816,1818,3.1
200230,200,"UKG",51,4,230,"SPN",40,1821,1897,3.1
200230,200,"UKG",1063,4,230,"SPN",6,1871,1897,3.1
220230,220,"FRN",481,1,230,"SPN",411,1944,1959,3.1
200230,200,"UKG",1049,4,230,"SPN",100,1816,1818,3.1
210230,210,"NTH",1066,5,230,"SPN",6,1821,1844,3.1
220230,220,"FRN",615,5,230,"SPN",6030,1860,1861,3.1
200230,200,"UKG",1061,4,230,"SPN",6,1821,1870,3.1
220230,220,"FRN",615,1,230,"SPN",609,1944,1961,3.1
200230,200,"UKG",59,5,230,"SPN",1070,1816,1820,3.1
220230,220,"FRN",65,4,230,"SPN",1070,1816,1820,3.1
2230,2,"USA",1087,5,230,"SPN",40,1863,1897,3.1
210230,210,"NTH",1069,3,230,"SPN",100,1816,1818,3.1
200230,200,"UKG",1075,5,230,"SPN",100,1816,1818,3.1
101230,101,"VEN",0,5,230,"SPN",42,1861,1864,3.1
200230,200,"UKG",1075,5,230,"SPN",1070,1816,1820,3.1
220230,220,"FRN",66,5,230,"SPN",1070,1816,1820,3.1
210230,210,"NTH",1068,4,230,"SPN",6,1821,1827,3.1
2230,2,"USA",0,1,230,"SPN",1070,1816,1820,3.1
210230,210,"NTH",1067,4,230,"SPN",6,1821,1827,3.1
220230,220,"FRN",615,4,230,"SPN",6064,1831,1912,3.1
200230,200,"UKG",231,3,230,"SPN",602,1912,1955,3.1
41230,41,"HAI",0,4,230,"SPN",40,1859,1897,3.1
2230,2,"USA",985,4,230,"SPN",9820,1898,1898,3.1
210230,210,"NTH",68,5,230,"SPN",42,1861,1864,3.1
210230,210,"NTH",1065,5,230,"SPN",1070,1816,1820,3.1
210230,210,"NTH",1069,5,230,"SPN",6,1821,1844,3.1
220230,220,"FRN",471,1,230,"SPN",411,1944,1959,3.1
200230,200,"UKG",1061,4,230,"SPN",1070,1816,1820,3.1
200230,200,"UKG",53,5,230,"SPN",100,1816,1818,3.1
220230,220,"FRN",600,1,230,"SPN",602,1912,1942,3.1
220230,220,"FRN",615,1,230,"SPN",602,1944,1957,3.1
200230,200,"UKG",1062,4,230,"SPN",6,1821,1881,3.1
210230,210,"NTH",68,4,230,"SPN",6,1845,1897,3.1
220230,220,"FRN",471,1,230,"SPN",411,1922,1942,3.1
41230,41,"HAI",0,1,230,"SPN",42,1861,1864,3.1
200230,200,"UKG",31,4,230,"SPN",42,1861,1864,3.1
220230,220,"FRN",600,1,230,"SPN",602,1944,1955,3.1
220230,220,"FRN",435,1,230,"SPN",609,1944,1959,3.1
200230,200,"UKG",475,4,230,"SPN",411,1914,1959,3.1
200230,200,"UKG",54,4,230,"SPN",100,1816,1818,3.1
210230,210,"NTH",1073,4,230,"SPN",1070,1816,1820,3.1
200230,200,"UKG",58,5,230,"SPN",1070,1816,1820,3.1
42230,42,"DOM",0,4,230,"SPN",6,1894,1897,3.1
200230,200,"UKG",52,3,230,"SPN",100,1816,1818,3.1
220230,220,"FRN",66,5,230,"SPN",6,1821,1897,3.1
220230,220,"FRN",65,5,230,"SPN",100,1816,1818,3.1
2230,2,"USA",0,4,230,"SPN",40,1821,1897,3.1
220230,220,"FRN",600,1,230,"SPN",605,1944,1955,3.1
220230,220,"FRN",616,5,230,"SPN",0,1881,1942,3.1
220230,220,"FRN",600,1,230,"SPN",605,1934,1942,3.1
200230,200,"UKG",1062,4,230,"SPN",1070,1816,1820,3.1
200230,200,"UKG",56,5,230,"SPN",100,1816,1818,3.1
220230,220,"FRN",615,5,230,"SPN",6062,1831,1912,3.1
210230,210,"NTH",1067,4,230,"SPN",1070,1816,1820,3.1
220230,220,"FRN",481,5,230,"SPN",413,1843,1857,3.1
70230,70,"MEX",0,4,230,"SPN",40,1831,1897,3.1
210230,210,"NTH",1068,4,230,"SPN",1070,1816,1820,3.1
200230,200,"UKG",231,1,230,"SPN",0,1816,2016,3.1
210230,210,"NTH",1066,5,230,"SPN",1070,1816,1820,3.1
220230,220,"FRN",615,1,230,"SPN",609,1884,1942,3.1
220230,220,"FRN",615,4,230,"SPN",0,1831,1942,3.1
210230,210,"NTH",1066,4,230,"SPN",100,1816,1818,3.1
200230,200,"UKG",1076,5,230,"SPN",100,1816,1818,3.1
200230,200,"UKG",1075,5,230,"SPN",6,1821,1881,3.1
200230,200,"UKG",57,4,230,"SPN",100,1816,1818,3.1
200230,200,"UKG",59,5,230,"SPN",100,1816,1818,3.1
200230,200,"UKG",51,5,230,"SPN",42,1861,1864,3.1
210230,210,"NTH",1065,4,230,"SPN",100,1816,1818,3.1
200230,200,"UKG",54,5,230,"SPN",1070,1816,1820,3.1
220230,220,"FRN",481,1,230,"SPN",411,1858,1942,3.1
200230,200,"UKG",823,3,230,"SPN",840,1888,1897,3.1
200230,200,"UKG",58,5,230,"SPN",6,1821,1870,3.1
200230,200,"UKG",80,5,230,"SPN",40,1884,1897,3.1
210230,210,"NTH",1065,5,230,"SPN",6,1821,1844,3.1
220235,220,"FRN",481,4,235,"POR",403,1944,1959,3.1
230235,230,"SPN",413,4,235,"POR",403,1816,1828,3.1
220235,220,"FRN",431,5,235,"POR",402,1959,1959,3.1
200235,200,"UKG",110,1,235,"POR",140,1816,1821,3.1
200235,200,"UKG",562,1,235,"POR",541,1897,1909,3.1
220235,220,"FRN",481,5,235,"POR",540,1839,1942,3.1
200235,200,"UKG",9008,5,235,"POR",860,1878,1930,3.1
220235,220,"FRN",438,1,235,"POR",404,1843,1942,3.1
220235,220,"FRN",433,5,235,"POR",402,1944,1958,3.1
220235,220,"FRN",4345,1,235,"POR",403,1843,1893,3.1
200235,200,"UKG",720,3,235,"POR",721,1841,1941,3.1
200235,200,"UKG",510,1,235,"POR",541,1922,1960,3.1
220235,220,"FRN",581,5,235,"POR",541,1947,1974,3.1
220235,220,"FRN",433,5,235,"POR",402,1817,1942,3.1
210235,210,"NTH",115,1,235,"POR",140,1816,1821,3.1
200235,200,"UKG",550,1,235,"POR",540,1953,1963,3.1
211235,211,"BEL",490,1,235,"POR",540,1945,1959,3.1
230235,230,"SPN",411,4,235,"POR",403,1858,1959,3.1
220235,220,"FRN",471,5,235,"POR",403,1944,1959,3.1
220235,220,"FRN",434,1,235,"POR",403,1894,1942,3.1
200235,200,"UKG",572,1,235,"POR",541,1902,1967,3.1
230235,230,"SPN",602,4,235,"POR",0,1912,1955,3.1
200235,200,"UKG",4783,5,235,"POR",403,1899,1913,3.1
200235,200,"UKG",591,5,235,"POR",541,1903,1974,3.1
200235,200,"UKG",472,5,235,"POR",403,1922,1959,3.1
200235,200,"UKG",433,5,235,"POR",402,1816,1816,3.1
230235,230,"SPN",100,1,235,"POR",140,1816,1818,3.1
220235,220,"FRN",434,1,235,"POR",403,1944,1959,3.1
200235,200,"UKG",4782,5,235,"POR",403,1885,1898,3.1
220235,220,"FRN",5812,5,235,"POR",541,1974,1974,3.1
230235,230,"SPN",413,4,235,"POR",403,1960,1967,3.1
211235,211,"BEL",490,1,235,"POR",540,1885,1940,3.1
220235,220,"FRN",484,1,235,"POR",540,1882,1942,3.1
200235,200,"UKG",550,1,235,"POR",541,1953,1963,3.1
200235,200,"UKG",720,3,235,"POR",721,1945,1997,3.1
220235,220,"FRN",5812,5,235,"POR",541,1843,1913,3.1
220235,220,"FRN",5811,5,235,"POR",541,1886,1913,3.1
220235,220,"FRN",438,1,235,"POR",404,1944,1957,3.1
220235,220,"FRN",585,5,235,"POR",541,1960,1974,3.1
220235,220,"FRN",600,5,235,"POR",0,1911,1942,3.1
210235,210,"NTH",850,1,235,"POR",860,1901,1940,3.1
200235,200,"UKG",560,1,235,"POR",541,1910,1919,3.1
230235,230,"SPN",1135,1,235,"POR",140,1816,1816,3.1
200235,200,"UKG",552,1,235,"POR",541,1964,1965,3.1
200235,200,"UKG",413,4,235,"POR",403,1829,1842,3.1
200235,200,"UKG",750,1,235,"POR",752,1816,1946,3.1
200235,200,"UKG",563,1,235,"POR",541,1900,1909,3.1
200235,200,"UKG",902,5,235,"POR",860,1829,1900,3.1
220235,220,"FRN",580,5,235,"POR",541,1944,1959,3.1
220235,220,"FRN",484,1,235,"POR",540,1944,1959,3.1
220235,220,"FRN",580,5,235,"POR",541,1882,1942,3.1
220235,220,"FRN",431,1,235,"POR",404,1959,1959,3.1
220235,220,"FRN",433,1,235,"POR",404,1944,1958,3.1
200235,200,"UKG",590,5,235,"POR",541,1816,1902,3.1
210235,210,"NTH",850,1,235,"POR",860,1945,1948,3.1
230235,230,"SPN",412,4,235,"POR",403,1960,1967,3.1
200235,200,"UKG",552,1,235,"POR",541,1889,1952,3.1
220235,220,"FRN",600,5,235,"POR",0,1944,1955,3.1
230235,230,"SPN",410,5,235,"POR",401,1816,1820,3.1
230235,230,"SPN",0,5,235,"POR",401,1821,1833,3.1
210235,210,"NTH",850,5,235,"POR",860,1816,1900,3.1
200235,200,"UKG",552,1,235,"POR",540,1889,1898,3.1
200235,200,"UKG",551,1,235,"POR",541,1899,1952,3.1
200235,200,"UKG",551,1,235,"POR",540,1899,1952,3.1
230235,230,"SPN",413,4,235,"POR",403,1843,1857,3.1
220235,220,"FRN",481,5,235,"POR",540,1944,1959,3.1
220235,220,"FRN",5814,5,235,"POR",541,1886,1913,3.1
200235,200,"UKG",900,5,235,"POR",860,1901,1919,3.1
200235,200,"UKG",433,1,235,"POR",404,1816,1816,3.1
220235,220,"FRN",120,1,235,"POR",140,1817,1821,3.1
220235,220,"FRN",433,1,235,"POR",404,1817,1942,3.1
230235,230,"SPN",145,1,235,"POR",140,1816,1821,3.1
220235,220,"FRN",5813,5,235,"POR",541,1886,1913,3.1
220235,220,"FRN",471,5,235,"POR",403,1922,1942,3.1
200235,200,"UKG",553,1,235,"POR",541,1891,1952,3.1
200235,200,"UKG",475,5,235,"POR",403,1914,1959,3.1
220235,220,"FRN",481,4,235,"POR",403,1839,1942,3.1
200240,200,"UKG",2249,4,240,"HAN",0,1838,1865,3.1
220255,220,"FRN",5812,5,255,"GMY",510,1891,1913,3.1
200255,200,"UKG",4784,1,255,"GMY",470,1899,1913,3.1
200255,200,"UKG",571,1,255,"GMY",565,1885,1914,3.1
200255,200,"UKG",500,1,255,"GMY",510,1894,1915,3.1
200255,200,"UKG",561,1,255,"GMY",565,1885,1909,3.1
200255,200,"UKG",475,5,255,"GMY",460,1914,1915,3.1
220255,220,"FRN",434,1,255,"GMY",460,1894,1915,3.1
200255,200,"UKG",2249,4,255,"GMY",0,1866,1889,3.1
200255,200,"UKG",5612,1,255,"GMY",565,1885,1894,3.1
220255,220,"FRN",5813,5,255,"GMY",510,1891,1913,3.1
200255,200,"UKG",553,1,255,"GMY",510,1891,1915,3.1
200255,200,"UKG",552,1,255,"GMY",510,1891,1898,3.1
200255,200,"UKG",591,5,255,"GMY",510,1903,1915,3.1
220255,220,"FRN",5811,5,255,"GMY",510,1891,1913,3.1
200255,200,"UKG",501,1,255,"GMY",510,1895,1915,3.1
235255,235,"POR",403,5,255,"GMY",470,1884,1915,3.1
200255,200,"UKG",9201,5,255,"GMY",990,1900,1913,3.1
230255,230,"SPN",411,1,255,"GMY",470,1884,1915,3.1
210255,210,"NTH",850,1,255,"GMY",912,1884,1913,3.1
200255,200,"UKG",4781,5,255,"GMY",460,1886,1905,3.1
211255,211,"BEL",490,1,255,"GMY",510,1891,1915,3.1
210255,210,"NTH",850,5,255,"GMY",9810,1901,1913,3.1
2255,2,"USA",9720,5,255,"GMY",983,1898,1913,3.1
220255,220,"FRN",481,1,255,"GMY",470,1884,1915,3.1
230255,230,"SPN",9810,5,255,"GMY",912,1884,1898,3.1
200255,200,"UKG",560,1,255,"GMY",565,1910,1914,3.1
200255,200,"UKG",452,1,255,"GMY",460,1884,1915,3.1
200255,200,"UKG",911,5,255,"GMY",9401,1885,1898,3.1
200255,200,"UKG",911,1,255,"GMY",912,1884,1913,3.1
200255,200,"UKG",551,1,255,"GMY",565,1899,1914,3.1
200255,200,"UKG",4783,5,255,"GMY",460,1899,1913,3.1
200255,200,"UKG",4782,1,255,"GMY",470,1885,1898,3.1
200255,200,"UKG",551,1,255,"GMY",510,1899,1915,3.1
220255,220,"FRN",484,1,255,"GMY",470,1884,1915,3.1
200255,200,"UKG",475,1,255,"GMY",470,1914,1915,3.1
220255,220,"FRN",580,5,255,"GMY",510,1914,1915,3.1
2255,2,"USA",985,4,255,"GMY",9820,1899,1918,3.1
200255,200,"UKG",552,1,255,"GMY",565,1890,1898,3.1
200255,200,"UKG",945,5,255,"GMY",983,1892,1913,3.1
2255,2,"USA",985,5,255,"GMY",9810,1899,1913,3.1
220255,220,"FRN",482,1,255,"GMY",470,1906,1915,3.1
200255,200,"UKG",940,3,255,"GMY",9401,1893,1898,3.1
200255,200,"UKG",4783,1,255,"GMY",470,1899,1913,3.1
200255,200,"UKG",955,4,255,"GMY",990,1900,1913,3.1
220255,220,"FRN",436,4,255,"GMY",470,1904,1915,3.1
2255,2,"USA",991,4,255,"GMY",990,1900,1913,3.1
230255,230,"SPN",9810,5,255,"GMY",983,1885,1898,3.1
200255,200,"UKG",940,3,255,"GMY",912,1899,1913,3.1
220255,220,"FRN",5814,5,255,"GMY",510,1891,1913,3.1
220255,220,"FRN",9321,5,255,"GMY",990,1900,1913,3.1
200255,200,"UKG",590,5,255,"GMY",510,1891,1902,3.1
200255,200,"UKG",511,4,255,"GMY",510,1895,1915,3.1
220255,220,"FRN",432,1,255,"GMY",460,1904,1915,3.1
235255,235,"POR",540,1,255,"GMY",565,1885,1914,3.1
235255,235,"POR",541,1,255,"GMY",510,1891,1915,3.1
200325,200,"UKG",511,5,325,"ITA",5200,1895,1940,3.1
220325,220,"FRN",436,1,325,"ITA",620,1912,1941,3.1
220325,220,"FRN",522,1,325,"ITA",531,1884,1940,3.1
220325,220,"FRN",483,1,325,"ITA",620,1920,1941,3.1
200325,200,"UKG",521,1,325,"ITA",5200,1950,1959,3.1
200325,200,"UKG",651,5,325,"ITA",3353,1912,1921,3.1
220325,220,"FRN",616,4,325,"ITA",0,1944,1955,3.1
200325,200,"UKG",681,5,325,"ITA",5200,1889,1940,3.1
200325,200,"UKG",352,5,325,"ITA",3353,1912,1942,3.1
220325,220,"FRN",615,4,325,"ITA",0,1861,1942,3.1
220325,220,"FRN",522,5,325,"ITA",5200,1950,1959,3.1
200325,200,"UKG",338,5,325,"ITA",620,1912,1941,3.1
220325,220,"FRN",616,4,325,"ITA",0,1881,1942,3.1
200325,200,"UKG",501,1,325,"ITA",5200,1895,1940,3.1
220325,220,"FRN",616,1,325,"ITA",620,1912,1941,3.1
200325,200,"UKG",338,5,325,"ITA",0,1816,1860,3.1
200325,200,"UKG",681,3,325,"ITA",531,1882,1940,3.1
200325,200,"UKG",511,5,325,"ITA",5200,1950,1959,3.1
200325,200,"UKG",501,1,325,"ITA",5200,1950,1959,3.1
200325,200,"UKG",625,1,325,"ITA",531,1898,1940,3.1
200325,200,"UKG",521,1,325,"ITA",5200,1889,1939,3.1
220325,220,"FRN",522,5,325,"ITA",5200,1889,1940,3.1
220325,220,"FRN",615,1,325,"ITA",620,1912,1941,3.1
200325,200,"UKG",3349,4,325,"ITA",0,1861,1863,3.1
220325,220,"FRN",615,4,325,"ITA",0,1944,1961,3.1
200325,200,"UKG",338,4,325,"ITA",0,1861,1942,3.1
200325,200,"UKG",510,5,325,"ITA",5200,1925,1940,3.1
200325,200,"UKG",681,5,325,"ITA",5200,1950,1959,3.1
200325,200,"UKG",510,5,325,"ITA",5200,1950,1959,3.1
200325,200,"UKG",338,4,325,"ITA",0,1944,1963,3.1
200325,200,"UKG",651,1,325,"ITA",620,1912,1921,3.1
200325,200,"UKG",625,1,325,"ITA",620,1912,1941,3.1
220329,220,"FRN",615,4,329,"SIC",0,1831,1860,3.1
200329,200,"UKG",338,4,329,"SIC",0,1816,1860,3.1
200329,200,"UKG",3349,4,329,"SIC",0,1816,1860,3.1
200339,200,"UKG",338,5,339,"ALB",0,1914,1938,3.1
200339,200,"UKG",338,5,339,"ALB",0,1944,1963,3.1
325350,325,"ITA",3353,2,350,"GRC",0,1912,1940,3.1
200350,200,"UKG",352,5,350,"GRC",0,1944,1959,3.1
200350,200,"UKG",352,5,350,"GRC",0,1913,1940,3.1
200350,200,"UKG",651,5,350,"GRC",0,1882,1921,3.1
200350,200,"UKG",338,5,350,"GRC",0,1828,1940,3.1
200350,200,"UKG",338,5,350,"GRC",0,1944,1963,3.1
200350,200,"UKG",3349,2,350,"GRC",0,1828,1863,3.1
325350,325,"ITA",620,5,350,"GRC",0,1912,1940,3.1
200365,200,"UKG",1028,5,365,"RUS",3,1849,1865,3.1
200365,200,"UKG",1027,1,365,"RUS",3,1858,1866,3.1
200365,200,"UKG",1019,1,365,"RUS",3,1820,1866,3.1
2365,2,"USA",3,2,365,"RUS",0,1867,1958,3.1
230380,230,"SPN",6,4,380,"SWD",1064,1821,1877,3.1
200380,200,"UKG",1062,4,380,"SWD",1064,1816,1877,3.1
200380,200,"UKG",1075,4,380,"SWD",1064,1816,1877,3.1
200380,200,"UKG",58,4,380,"SWD",1064,1816,1870,3.1
230380,230,"SPN",1070,4,380,"SWD",1064,1816,1820,3.1
200380,200,"UKG",1076,4,380,"SWD",1064,1816,1877,3.1
200380,200,"UKG",1063,4,380,"SWD",1064,1871,1877,3.1
210380,210,"NTH",68,4,380,"SWD",1064,1845,1877,3.1
210380,210,"NTH",1068,4,380,"SWD",1064,1816,1827,3.1
200380,200,"UKG",2249,5,380,"SWD",0,1816,1889,3.1
210380,210,"NTH",1074,4,380,"SWD",1064,1828,1844,3.1
200380,200,"UKG",1061,4,380,"SWD",1064,1816,1870,3.1
210380,210,"NTH",1067,4,380,"SWD",1064,1816,1827,3.1
210380,210,"NTH",1073,4,380,"SWD",1064,1816,1827,3.1
220380,220,"FRN",65,4,380,"SWD",1064,1816,1877,3.1
200380,200,"UKG",59,4,380,"SWD",1064,1816,1870,3.1
365385,365,"RUS",0,4,385,"NOR",3386,1945,2016,3.1
365385,365,"RUS",0,4,385,"NOR",3386,1925,1940,3.1
220390,220,"FRN",65,4,390,"DEN",5,1816,1916,3.1
200390,200,"UKG",58,5,390,"DEN",5,1816,1870,3.1
385390,385,"NOR",3386,5,390,"DEN",10,1925,1940,3.1
20390,20,"CAN",0,3,390,"DEN",10,1920,1940,3.1
220390,220,"FRN",66,5,390,"DEN",5,1816,1916,3.1
20390,20,"CAN",0,3,390,"DEN",10,1945,2016,3.1
200390,200,"UKG",1062,4,390,"DEN",5,1816,1881,3.1
200390,200,"UKG",0,5,390,"DEN",11,1945,2016,3.1
2390,2,"USA",6,4,390,"DEN",5,1898,1916,3.1
230390,230,"SPN",1070,4,390,"DEN",5,1816,1820,3.1
200390,200,"UKG",1075,4,390,"DEN",5,1816,1881,3.1
101390,101,"VEN",0,5,390,"DEN",5,1841,1916,3.1
210390,210,"NTH",1068,4,390,"DEN",5,1816,1827,3.1
200390,200,"UKG",750,5,390,"DEN",7504,1845,1868,3.1
200390,200,"UKG",780,4,390,"DEN",7504,1833,1844,3.1
200390,200,"UKG",452,1,390,"DEN",4534,1816,1849,3.1
210390,210,"NTH",68,4,390,"DEN",5,1845,1916,3.1
210390,210,"NTH",1067,4,390,"DEN",5,1816,1827,3.1
200390,200,"UKG",20,3,390,"DEN",10,1869,1919,3.1
210390,210,"NTH",1073,4,390,"DEN",5,1816,1827,3.1
200390,200,"UKG",2249,4,390,"DEN",0,1816,1889,3.1
230390,230,"SPN",6,4,390,"DEN",5,1821,1897,3.1
200390,200,"UKG",750,1,390,"DEN",7504,1816,1844,3.1
380390,380,"SWD",0,5,390,"DEN",11,1816,1904,3.1
42390,42,"DOM",0,5,390,"DEN",5,1894,1915,3.1
230390,230,"SPN",100,5,390,"DEN",5,1816,1818,3.1
385390,385,"NOR",3387,5,390,"DEN",10,1929,1940,3.1
200390,200,"UKG",56,5,390,"DEN",5,1816,1837,3.1
200390,200,"UKG",1055,5,390,"DEN",5,1838,1916,3.1
200390,200,"UKG",54,5,390,"DEN",5,1816,1870,3.1
200390,200,"UKG",57,5,390,"DEN",5,1816,1832,3.1
230390,230,"SPN",42,5,390,"DEN",5,1861,1864,3.1
380390,380,"SWD",1064,4,390,"DEN",5,1816,1877,3.1
200390,200,"UKG",1063,2,390,"DEN",5,1871,1916,3.1
210390,210,"NTH",1074,4,390,"DEN",5,1828,1844,3.1
200390,200,"UKG",59,5,390,"DEN",5,1816,1870,3.1
200390,200,"UKG",1076,4,390,"DEN",5,1816,1881,3.1
385390,385,"NOR",0,5,390,"DEN",11,1945,2016,3.1
385390,385,"NOR",3386,5,390,"DEN",10,1945,2016,3.1
200390,200,"UKG",1019,3,390,"DEN",10,1820,1868,3.1
385390,385,"NOR",3387,5,390,"DEN",10,1945,2016,3.1
385390,385,"NOR",0,5,390,"DEN",11,1905,1939,3.1
200390,200,"UKG",0,5,390,"DEN",11,1816,1940,3.1
385390,385,"NOR",3387,5,390,"DEN",395,1929,1940,3.1
200390,200,"UKG",1061,2,390,"DEN",5,1816,1870,3.1
390395,390,"DEN",11,5,395,"ICE",0,1945,2016,3.1
385395,385,"NOR",3387,5,395,"ICE",0,1945,2016,3.1
390395,390,"DEN",10,5,395,"ICE",0,1945,2016,3.1
235411,235,"POR",403,4,411,"EQG",0,1968,1974,3.1
220432,220,"FRN",615,1,432,"MLI",0,1960,1961,3.1
200432,200,"UKG",420,1,432,"MLI",0,1960,1960,3.1
235432,235,"POR",402,5,432,"MLI",0,1960,1960,3.1
235432,235,"POR",404,1,432,"MLI",0,1960,1960,3.1
235433,235,"POR",402,5,433,"SEN",0,1961,1974,3.1
235433,235,"POR",404,1,433,"SEN",0,1961,1973,3.1
200433,200,"UKG",420,1,433,"SEN",0,1961,1964,3.1
235434,235,"POR",403,1,434,"BEN",0,1960,1960,3.1
230435,230,"SPN",609,1,435,"MAA",0,1960,1974,3.1
220435,220,"FRN",615,1,435,"MAA",0,1960,1961,3.1
220436,220,"FRN",615,1,436,"NIR",0,1960,1961,3.1
235438,235,"POR",404,1,438,"GUI",0,1958,1973,3.1
220438,220,"FRN",431,1,438,"GUI",0,1959,1959,3.1
200438,200,"UKG",451,1,438,"GUI",0,1958,1960,3.1
220438,220,"FRN",432,1,438,"GUI",0,1958,1958,3.1
220438,220,"FRN",433,1,438,"GUI",0,1958,1958,3.1
220450,220,"FRN",438,1,450,"LBR",0,1920,1942,3.1
220450,220,"FRN",437,1,450,"LBR",0,1920,1942,3.1
220450,220,"FRN",437,1,450,"LBR",0,1944,1959,3.1
200450,200,"UKG",451,1,450,"LBR",0,1920,1960,3.1
220450,220,"FRN",438,1,450,"LBR",0,1944,1957,3.1
220452,220,"FRN",461,1,452,"GHA",0,1957,1959,3.1
220452,220,"FRN",439,1,452,"GHA",0,1957,1959,3.1
220452,220,"FRN",434,4,452,"GHA",0,1957,1959,3.1
220452,220,"FRN",437,1,452,"GHA",0,1957,1959,3.1
200452,200,"UKG",475,5,452,"GHA",0,1957,1959,3.1
235471,235,"POR",403,5,471,"CAO",0,1960,1974,3.1
200471,200,"UKG",472,1,471,"CAO",0,1960,1960,3.1
230471,230,"SPN",412,1,471,"CAO",0,1960,1967,3.1
230471,230,"SPN",413,4,471,"CAO",0,1960,1967,3.1
235475,235,"POR",403,5,475,"NIG",0,1960,1974,3.1
230475,230,"SPN",413,4,475,"NIG",0,1960,1967,3.1
230475,230,"SPN",412,5,475,"NIG",0,1960,1967,3.1
235481,235,"POR",540,5,481,"GAB",0,1960,1974,3.1
200481,200,"UKG",472,5,481,"GAB",0,1960,1960,3.1
235481,235,"POR",403,4,481,"GAB",0,1960,1974,3.1
230481,230,"SPN",412,1,481,"GAB",0,1960,1967,3.1
230481,230,"SPN",413,5,481,"GAB",0,1960,1967,3.1
235484,235,"POR",540,1,484,"CON",0,1960,1974,3.1
200490,200,"UKG",550,1,490,"DRC",0,1960,1963,3.1
211490,211,"BEL",515,1,490,"DRC",0,1960,1961,3.1
200490,200,"UKG",500,1,490,"DRC",0,1960,1961,3.1
200490,200,"UKG",510,3,490,"DRC",0,1960,1960,3.1
235490,235,"POR",540,1,490,"DRC",0,1960,1974,3.1
200500,200,"UKG",501,1,500,"UGA",0,1962,1962,3.1
200510,200,"UKG",591,5,510,"TAZ",0,1961,1975,3.1
235510,235,"POR",541,1,510,"TAZ",0,1961,1974,3.1
200510,200,"UKG",501,1,510,"TAZ",0,1961,1962,3.1
200510,200,"UKG",550,1,510,"TAZ",0,1961,1963,3.1
211510,211,"BEL",515,1,510,"TAZ",0,1961,1961,3.1
200510,200,"UKG",511,4,510,"TAZ",0,1961,1962,3.1
220510,220,"FRN",5812,5,510,"TAZ",0,1974,2016,3.1
220510,220,"FRN",581,5,510,"TAZ",0,1961,1974,3.1
220511,220,"FRN",581,5,511,"ZAN",0,1963,1963,3.1
200520,200,"UKG",511,5,520,"SOM",0,1960,1962,3.1
200520,200,"UKG",510,5,520,"SOM",0,1960,1960,3.1
220520,220,"FRN",522,1,520,"SOM",0,1960,1976,3.1
200520,200,"UKG",681,4,520,"SOM",0,1960,1966,3.1
325530,325,"ITA",5200,1,530,"ETH",0,1898,1935,3.1
200530,200,"UKG",625,1,530,"ETH",0,1941,1955,3.1
200530,200,"UKG",521,1,530,"ETH",0,1898,1935,3.1
325530,325,"ITA",5200,1,530,"ETH",0,1950,1959,3.1
220530,220,"FRN",522,1,530,"ETH",0,1941,1942,3.1
200530,200,"UKG",501,1,530,"ETH",0,1941,1962,3.1
220530,220,"FRN",522,1,530,"ETH",0,1898,1935,3.1
325530,325,"ITA",531,1,530,"ETH",0,1898,1935,3.1
200530,200,"UKG",625,1,530,"ETH",0,1898,1935,3.1
220530,220,"FRN",522,1,530,"ETH",0,1944,1976,3.1
200530,200,"UKG",521,1,530,"ETH",0,1941,1959,3.1
200530,200,"UKG",501,1,530,"ETH",0,1898,1935,3.1
200530,200,"UKG",681,3,530,"ETH",0,1952,1966,3.1
220541,220,"FRN",5812,5,541,"MZM",0,1975,2016,3.1
220541,220,"FRN",585,5,541,"MZM",0,1975,2016,3.1
200541,200,"UKG",591,5,541,"MZM",0,1975,1975,3.1
200551,200,"UKG",552,1,551,"ZAM",0,1964,1965,3.1
200551,200,"UKG",571,1,551,"ZAM",0,1964,1965,3.1
235551,235,"POR",540,1,551,"ZAM",0,1964,1974,3.1
235551,235,"POR",541,1,551,"ZAM",0,1964,1974,3.1
235552,235,"POR",541,1,552,"ZIM",0,1966,1974,3.1
235553,235,"POR",541,1,553,"MAW",0,1964,1974,3.1
200560,200,"UKG",552,1,560,"SAF",0,1920,1952,3.1
235560,235,"POR",541,1,560,"SAF",0,1920,1974,3.1
540560,540,"ANG",0,1,560,"SAF",565,1975,1989,3.1
551560,551,"ZAM",0,1,560,"SAF",565,1964,1989,3.1
200560,200,"UKG",552,1,560,"SAF",0,1964,1965,3.1
200560,200,"UKG",570,1,560,"SAF",0,1920,1965,3.1
200560,200,"UKG",572,1,560,"SAF",0,1920,1967,3.1
235560,235,"POR",540,1,560,"SAF",565,1922,1974,3.1
200560,200,"UKG",571,1,560,"SAF",0,1920,1965,3.1
200560,200,"UKG",550,1,560,"SAF",0,1953,1963,3.1
200560,200,"UKG",571,1,560,"SAF",565,1922,1965,3.1
200560,200,"UKG",551,1,560,"SAF",565,1922,1952,3.1
200560,200,"UKG",550,1,560,"SAF",565,1953,1963,3.1
560571,560,"SAF",565,1,571,"BOT",0,1966,1989,3.1
235572,235,"POR",541,1,572,"SWA",0,1968,1974,3.1
235580,235,"POR",541,5,580,"MAG",0,1960,1974,3.1
220580,220,"FRN",585,4,580,"MAG",0,1960,2016,3.1
200580,200,"UKG",591,5,580,"MAG",0,1960,1975,3.1
220580,220,"FRN",5812,5,580,"MAG",0,1974,2016,3.1
220580,220,"FRN",581,5,580,"MAG",0,1960,1974,3.1
220581,220,"FRN",5812,4,581,"COM",0,1975,2016,3.1
200581,200,"UKG",591,5,581,"COM",0,1975,1975,3.1
220581,220,"FRN",585,5,581,"COM",0,1975,2016,3.1
200590,200,"UKG",591,5,590,"MAS",0,1968,1975,3.1
220590,220,"FRN",585,4,590,"MAS",0,1968,2016,3.1
220591,220,"FRN",5812,5,591,"SEY",0,1976,2016,3.1
220591,220,"FRN",585,4,591,"SEY",0,1976,2016,3.1
230600,230,"SPN",6064,1,600,"MOR",0,1847,1910,3.1
220600,220,"FRN",615,1,600,"MOR",0,1956,1961,3.1
230600,230,"SPN",609,1,600,"MOR",0,1884,1910,3.1
200600,200,"UKG",231,3,600,"MOR",0,1956,2016,3.1
230600,230,"SPN",602,1,600,"MOR",0,1956,1957,3.1
230600,230,"SPN",609,1,600,"MOR",0,1958,1974,3.1
230600,230,"SPN",6062,1,600,"MOR",0,1847,1910,3.1
230600,230,"SPN",605,1,600,"MOR",0,1956,1968,3.1
230600,230,"SPN",6030,1,600,"MOR",0,1860,1861,3.1
200600,200,"UKG",231,3,600,"MOR",0,1847,1910,3.1
220600,220,"FRN",615,1,600,"MOR",0,1847,1910,3.1
200615,200,"UKG",231,4,615,"ALG",0,1962,2016,3.1
230615,230,"SPN",609,1,615,"ALG",0,1962,1974,3.1
220616,220,"FRN",615,1,616,"TUN",0,1831,1880,3.1
220616,220,"FRN",615,1,616,"TUN",0,1956,1961,3.1
200616,200,"UKG",338,5,616,"TUN",0,1956,1963,3.1
200616,200,"UKG",338,5,616,"TUN",0,1825,1880,3.1
220620,220,"FRN",483,1,620,"LIB",0,1952,1959,3.1
200620,200,"UKG",338,5,620,"LIB",0,1952,1963,3.1
220620,220,"FRN",615,1,620,"LIB",0,1952,1961,3.1
200620,200,"UKG",625,1,620,"LIB",0,1952,1955,3.1
220620,220,"FRN",616,1,620,"LIB",0,1952,1955,3.1
220620,220,"FRN",436,1,620,"LIB",0,1952,1959,3.1
200625,200,"UKG",681,5,625,"SUD",0,1956,1966,3.1
200625,200,"UKG",501,1,625,"SUD",0,1956,1962,3.1
220625,220,"FRN",483,1,625,"SUD",0,1956,1959,3.1
220625,220,"FRN",482,1,625,"SUD",0,1956,1959,3.1
200625,200,"UKG",500,1,625,"SUD",0,1956,1961,3.1
211625,211,"BEL",490,1,625,"SUD",0,1956,1959,3.1
200630,200,"UKG",694,4,630,"IRN",0,1916,1970,3.1
200630,200,"UKG",645,1,630,"IRN",0,1920,1931,3.1
200630,200,"UKG",696,4,630,"IRN",0,1892,1970,3.1
200630,200,"UKG",750,1,630,"IRN",0,1895,1946,3.1
200630,200,"UKG",690,3,630,"IRN",0,1914,1960,3.1
200630,200,"UKG",692,4,630,"IRN",0,1892,1970,3.1
200640,200,"UKG",651,5,640,"TUR",0,1918,1921,3.1
200640,200,"UKG",645,1,640,"TUR",0,1920,1931,3.1
220640,220,"FRN",660,4,640,"TUR",0,1923,1942,3.1
200640,200,"UKG",352,4,640,"TUR",0,1878,1959,3.1
200640,200,"UKG",681,1,640,"TUR",0,1871,1905,3.1
220640,220,"FRN",652,1,640,"TUR",0,1944,1945,3.1
200640,200,"UKG",625,4,640,"TUR",0,1912,1915,3.1
220640,220,"FRN",615,1,640,"TUR",0,1835,1911,3.1
325640,325,"ITA",531,2,640,"TUR",0,1882,1905,3.1
325640,325,"ITA",531,4,640,"TUR",0,1906,1915,3.1
200640,200,"UKG",3349,2,640,"TUR",0,1816,1863,3.1
220640,220,"FRN",660,4,640,"TUR",0,1944,1945,3.1
200640,200,"UKG",665,5,640,"TUR",0,1920,1947,3.1
200640,200,"UKG",692,5,640,"TUR",0,1916,1916,3.1
200640,200,"UKG",521,4,640,"TUR",0,1884,1905,3.1
325640,325,"ITA",620,5,640,"TUR",0,1912,1941,3.1
200640,200,"UKG",625,1,640,"TUR",0,1898,1911,3.1
220640,220,"FRN",652,1,640,"TUR",0,1920,1942,3.1
200640,200,"UKG",651,1,640,"TUR",0,1882,1917,3.1
325640,325,"ITA",3353,2,640,"TUR",0,1912,1942,3.1
200640,200,"UKG",338,5,640,"TUR",0,1816,1911,3.1
220640,220,"FRN",616,1,640,"TUR",0,1881,1911,3.1
200640,200,"UKG",692,3,640,"TUR",0,1892,1915,3.1
220640,220,"FRN",522,3,640,"TUR",0,1884,1905,3.1
200640,200,"UKG",696,1,640,"TUR",0,1892,1915,3.1
220645,220,"FRN",652,1,645,"IRQ",0,1944,1945,3.1
220645,220,"FRN",652,1,645,"IRQ",0,1932,1942,3.1
200645,200,"UKG",694,5,645,"IRQ",0,1932,1970,3.1
200645,200,"UKG",690,1,645,"IRQ",0,1932,1960,3.1
200645,200,"UKG",692,5,645,"IRQ",0,1932,1970,3.1
200645,200,"UKG",663,1,645,"IRQ",0,1932,1945,3.1
200651,200,"UKG",352,5,651,"EGY",0,1937,1957,3.1
200651,200,"UKG",625,1,651,"EGY",0,1937,1955,3.1
220651,220,"FRN",652,5,651,"EGY",0,1937,1942,3.1
200651,200,"UKG",352,4,651,"EGY",0,1958,1959,3.1
200651,200,"UKG",665,1,651,"EGY",0,1937,1947,3.1
220651,220,"FRN",660,5,651,"EGY",0,1944,1945,3.1
200651,200,"UKG",352,5,651,"EGY",0,1878,1881,3.1
325651,325,"ITA",3353,5,651,"EGY",0,1937,1942,3.1
325651,325,"ITA",620,1,651,"EGY",0,1937,1941,3.1
220651,220,"FRN",652,5,651,"EGY",0,1944,1945,3.1
200651,200,"UKG",663,2,651,"EGY",0,1937,1945,3.1
220651,220,"FRN",660,5,651,"EGY",0,1937,1942,3.1
200652,200,"UKG",665,1,652,"SYR",0,1946,1947,3.1
200652,200,"UKG",352,4,652,"SYR",0,1946,1957,3.1
200660,200,"UKG",665,1,660,"LEB",0,1946,1947,3.1
200660,200,"UKG",352,4,660,"LEB",0,1946,1959,3.1
200663,200,"UKG",665,1,663,"JOR",0,1946,1947,3.1
200666,200,"UKG",352,4,666,"ISR",0,1948,1959,3.1
220670,220,"FRN",522,5,670,"SAU",0,1944,1976,3.1
220670,220,"FRN",522,5,670,"SAU",0,1927,1942,3.1
200670,200,"UKG",665,2,670,"SAU",0,1927,1947,3.1
200670,200,"UKG",663,1,670,"SAU",0,1927,1945,3.1
200670,200,"UKG",681,1,670,"SAU",0,1927,1966,3.1
325670,325,"ITA",531,4,670,"SAU",0,1927,1940,3.1
200670,200,"UKG",690,1,670,"SAU",0,1927,1960,3.1
200670,200,"UKG",694,1,670,"SAU",0,1927,1970,3.1
200670,200,"UKG",645,1,670,"SAU",0,1927,1931,3.1
200670,200,"UKG",692,3,670,"SAU",0,1927,1970,3.1
200670,200,"UKG",625,4,670,"SAU",0,1927,1955,3.1
200670,200,"UKG",696,1,670,"SAU",0,1927,1970,3.1
200678,200,"UKG",681,1,678,"YAR",0,1926,1966,3.1
325678,325,"ITA",531,2,678,"YAR",0,1926,1940,3.1
220678,220,"FRN",522,3,678,"YAR",0,1944,1976,3.1
220678,220,"FRN",522,3,678,"YAR",0,1926,1942,3.1
200678,200,"UKG",521,4,678,"YAR",0,1941,1959,3.1
200678,200,"UKG",625,5,678,"YAR",0,1926,1955,3.1
200678,200,"UKG",521,4,678,"YAR",0,1926,1939,3.1
220680,220,"FRN",522,2,680,"YPR",0,1967,1976,3.1
200690,200,"UKG",694,5,690,"KUW",0,1961,1970,3.1
200690,200,"UKG",692,5,690,"KUW",0,1961,1970,3.1
200700,200,"UKG",750,1,700,"AFG",0,1920,1946,3.1
220710,220,"FRN",815,1,710,"CHN",0,1949,1953,3.1
220710,220,"FRN",812,1,710,"CHN",0,1949,1953,3.1
220710,220,"FRN",810,1,710,"CHN",0,1946,1948,3.1
220710,220,"FRN",810,1,710,"CHN",0,1887,1940,3.1
2710,2,"USA",741,4,710,"CHN",0,1945,1948,3.1
235710,235,"POR",721,1,710,"CHN",0,1860,1941,3.1
220710,220,"FRN",8153,1,710,"CHN",0,1883,1886,3.1
2710,2,"USA",840,4,710,"CHN",0,1945,1945,3.1
200710,200,"UKG",720,1,710,"CHN",0,1860,1940,3.1
200710,200,"UKG",720,1,710,"CHN",0,1945,1997,3.1
230710,230,"SPN",840,4,710,"CHN",0,1860,1894,3.1
235710,235,"POR",721,1,710,"CHN",0,1945,1999,3.1
2710,2,"USA",840,5,710,"CHN",0,1898,1941,3.1
2710,2,"USA",741,5,710,"CHN",0,1949,1971,3.1
200710,200,"UKG",775,1,710,"CHN",0,1945,1947,3.1
235710,235,"POR",721,3,710,"CHN",720,1997,1999,3.1
200710,200,"UKG",750,1,710,"CHN",0,1885,1946,3.1
200710,200,"UKG",775,1,710,"CHN",0,1937,1941,3.1
230710,230,"SPN",840,5,710,"CHN",0,1895,1897,3.1
220710,220,"FRN",8152,4,710,"CHN",0,1883,1886,3.1
2713,2,"USA",741,4,713,"TAW",0,1949,1971,3.1
365740,365,"RUS",0,1,740,"JPN",730,1905,1944,3.1
2740,2,"USA",984,5,740,"JPN",0,1986,2016,3.1
2740,2,"USA",840,4,740,"JPN",713,1898,1941,3.1
2740,2,"USA",741,3,740,"JPN",0,1952,1971,3.1
230740,230,"SPN",840,4,740,"JPN",713,1895,1897,3.1
710740,710,"CHN",0,4,740,"JPN",741,1860,1879,3.1
710740,710,"CHN",0,5,740,"JPN",730,1937,1944,3.1
230740,230,"SPN",840,5,740,"JPN",741,1860,1878,3.1
255740,255,"GMY",9820,5,740,"JPN",0,1899,1918,3.1
210740,210,"NTH",850,5,740,"JPN",980,1920,1940,3.1
2740,2,"USA",985,4,740,"JPN",980,1920,1940,3.1
365740,365,"RUS",0,1,740,"JPN",7351,1905,1944,3.1
2740,2,"USA",980,5,740,"JPN",0,1968,1985,3.1
2740,2,"USA",9720,5,740,"JPN",980,1920,1940,3.1
2740,2,"USA",840,5,740,"JPN",0,1898,1941,3.1
710740,710,"CHN",0,1,740,"JPN",730,1905,1931,3.1
200740,200,"UKG",720,5,740,"JPN",713,1895,1941,3.1
230740,230,"SPN",840,5,740,"JPN",0,1879,1897,3.1
230740,230,"SPN",9820,5,740,"JPN",0,1876,1898,3.1
710740,710,"CHN",0,4,740,"JPN",730,1932,1936,3.1
710740,710,"CHN",0,4,740,"JPN",713,1895,1944,3.1
200740,200,"UKG",945,5,740,"JPN",980,1920,1943,3.1
2740,2,"USA",7411,5,740,"JPN",0,1952,1967,3.1
200750,200,"UKG",781,4,750,"IND",0,1947,1964,3.1
710750,710,"CHN",0,1,750,"IND",761,1951,1974,3.1
235750,235,"POR",752,1,750,"IND",0,1947,1960,3.1
200750,200,"UKG",780,2,750,"IND",0,1947,1947,3.1
220750,220,"FRN",751,1,750,"IND",0,1947,1953,3.1
210750,210,"NTH",850,4,750,"IND",0,1947,1948,3.1
200750,200,"UKG",820,5,750,"IND",0,1947,1956,3.1
200750,200,"UKG",761,1,750,"IND",0,1947,1948,3.1
200750,200,"UKG",760,1,750,"IND",0,1947,1948,3.1
200750,200,"UKG",775,1,750,"IND",0,1947,1947,3.1
710750,710,"CHN",0,1,750,"IND",760,1951,1970,3.1
200770,200,"UKG",775,1,770,"PAK",0,1947,1947,3.1
220775,220,"FRN",810,1,775,"MYA",0,1948,1948,3.1
220775,220,"FRN",812,1,775,"MYA",0,1949,1953,3.1
210775,210,"NTH",850,5,775,"MYA",0,1948,1948,3.1
220780,220,"FRN",751,4,780,"SRI",0,1948,1953,3.1
200781,200,"UKG",5920,5,781,"MAD",0,1965,2016,3.1
200790,200,"UKG",761,1,790,"NEP",0,1920,1948,3.1
750790,750,"IND",761,1,790,"NEP",0,1949,1974,3.1
200790,200,"UKG",750,1,790,"NEP",0,1920,1946,3.1
200800,200,"UKG",775,1,800,"THI",0,1937,1941,3.1
220800,220,"FRN",811,1,800,"THI",0,1949,1952,3.1
200800,200,"UKG",8223,1,800,"THI",0,1909,1941,3.1
200800,200,"UKG",8224,1,800,"THI",0,1909,1941,3.1
210800,210,"NTH",850,4,800,"THI",0,1903,1940,3.1
200800,200,"UKG",750,1,800,"THI",0,1887,1936,3.1
220800,220,"FRN",815,5,800,"THI",0,1949,1953,3.1
200800,200,"UKG",775,1,800,"THI",0,1945,1947,3.1
200800,200,"UKG",821,1,800,"THI",0,1896,1941,3.1
220800,220,"FRN",810,1,800,"THI",0,1946,1948,3.1
200800,200,"UKG",8222,1,800,"THI",0,1945,1945,3.1
200800,200,"UKG",821,1,800,"THI",0,1945,1945,3.1
200800,200,"UKG",820,1,800,"THI",0,1946,1956,3.1
220800,220,"FRN",810,1,800,"THI",0,1887,1940,3.1
200800,200,"UKG",8223,1,800,"THI",0,1945,1945,3.1
210800,210,"NTH",850,4,800,"THI",0,1945,1948,3.1
220800,220,"FRN",812,1,800,"THI",0,1949,1953,3.1
200800,200,"UKG",8201,1,800,"THI",0,1887,1895,3.1
200800,200,"UKG",8224,1,800,"THI",0,1945,1945,3.1
200800,200,"UKG",750,5,800,"THI",0,1937,1941,3.1
200800,200,"UKG",8222,1,800,"THI",0,1909,1941,3.1
200800,200,"UKG",750,5,800,"THI",0,1945,1946,3.1
200811,200,"UKG",820,5,811,"CAM",0,1953,1956,3.1
220811,220,"FRN",812,1,811,"CAM",0,1953,1953,3.1
220811,220,"FRN",815,1,811,"CAM",0,1953,1953,3.1
200817,200,"UKG",820,5,817,"RVN",0,1954,1956,3.1
200820,200,"UKG",835,1,820,"MAL",0,1963,1983,3.1
200820,200,"UKG",830,1,820,"MAL",0,1957,1962,3.1
200840,200,"UKG",823,3,840,"PHI",0,1946,1962,3.1
2840,2,"USA",741,5,840,"PHI",0,1946,1971,3.1
210840,210,"NTH",850,4,840,"PHI",0,1946,1948,3.1
200840,200,"UKG",835,5,840,"PHI",0,1946,1983,3.1
200850,200,"UKG",824,1,850,"INS",0,1949,1962,3.1
200850,200,"UKG",830,2,850,"INS",0,1949,1962,3.1
200850,200,"UKG",823,1,850,"INS",0,1949,1962,3.1
220850,220,"FRN",815,5,850,"INS",0,1949,1953,3.1
200850,200,"UKG",820,3,850,"INS",0,1949,1956,3.1
235850,235,"POR",860,1,850,"INS",0,1949,1974,3.1
2850,2,"USA",980,5,850,"INS",0,1949,1994,3.1
210850,210,"NTH",851,3,850,"INS",0,1949,1961,3.1
210900,210,"NTH",851,1,900,"AUL",910,1949,1961,3.1
740900,740,"JPN",980,5,900,"AUL",912,1921,1941,3.1
235900,235,"POR",860,5,900,"AUL",0,1920,1941,3.1
200900,200,"UKG",940,3,900,"AUL",912,1921,1941,3.1
235900,235,"POR",860,5,900,"AUL",9008,1945,1974,3.1
210900,210,"NTH",850,1,900,"AUL",912,1945,1948,3.1
220900,220,"FRN",930,5,900,"AUL",0,1944,2016,3.1
210900,210,"NTH",850,4,900,"AUL",0,1920,1940,3.1
740900,740,"JPN",980,5,900,"AUL",970,1920,1941,3.1
200900,200,"UKG",940,2,900,"AUL",910,1949,1974,3.1
850900,850,"INS",0,5,900,"AUL",9001,1958,2016,3.1
220900,220,"FRN",930,5,900,"AUL",0,1920,1942,3.1
220900,220,"FRN",9973,5,900,"AUL",9005,1947,1954,3.1
235900,235,"POR",860,5,900,"AUL",9008,1931,1941,3.1
210900,210,"NTH",851,4,900,"AUL",0,1949,1961,3.1
210900,210,"NTH",850,4,900,"AUL",9008,1931,1940,3.1
200900,200,"UKG",945,5,900,"AUL",970,1945,1967,3.1
860900,860,"ETM",0,5,900,"AUL",9008,2002,2016,3.1
220900,220,"FRN",9970,5,900,"AUL",9005,1955,2016,3.1
850900,850,"INS",0,4,900,"AUL",9008,1949,2016,3.1
210900,210,"NTH",850,1,900,"AUL",911,1945,1948,3.1
210900,210,"NTH",850,4,900,"AUL",0,1945,1948,3.1
2900,2,"USA",980,5,900,"AUL",970,1947,1967,3.1
200900,200,"UKG",940,5,900,"AUL",911,1920,1948,3.1
850900,850,"INS",0,1,900,"AUL",910,1963,1974,3.1
210900,210,"NTH",850,1,900,"AUL",911,1920,1940,3.1
2900,2,"USA",980,5,900,"AUL",912,1947,1948,3.1
210900,210,"NTH",850,4,900,"AUL",9008,1945,1948,3.1
210900,210,"NTH",850,1,900,"AUL",912,1921,1940,3.1
200900,200,"UKG",9008,4,900,"AUL",0,1920,1930,3.1
235900,235,"POR",860,5,900,"AUL",0,1945,1974,3.1
2900,2,"USA",980,5,900,"AUL",910,1949,1974,3.1
200900,200,"UKG",945,5,900,"AUL",970,1920,1941,3.1
200900,200,"UKG",940,3,900,"AUL",912,1945,1948,3.1
2910,2,"USA",987,5,910,"PNG",0,1986,1990,3.1
200910,200,"UKG",940,2,910,"PNG",0,1975,1977,3.1
2910,2,"USA",980,5,910,"PNG",0,1975,1985,3.1
200920,200,"UKG",945,5,920,"NEW",990,1920,1924,3.1
2920,2,"USA",991,5,920,"NEW",925,1920,2016,3.1
220920,220,"FRN",9321,5,920,"NEW",9201,1944,2016,3.1
220920,220,"FRN",9321,5,920,"NEW",9201,1925,1942,3.1
220920,220,"FRN",960,5,920,"NEW",925,1920,1942,3.1
2920,2,"USA",991,4,920,"NEW",990,1920,1961,3.1
220920,220,"FRN",960,5,920,"NEW",925,1944,2016,3.1
200920,200,"UKG",946,5,920,"NEW",9201,1975,1978,3.1
220920,220,"FRN",9321,5,920,"NEW",990,1944,1961,3.1
2920,2,"USA",991,5,920,"NEW",9253,1920,2016,3.1
200920,200,"UKG",955,4,920,"NEW",990,1920,1961,3.1
220920,220,"FRN",9321,5,920,"NEW",990,1920,1942,3.1
2920,2,"USA",991,5,920,"NEW",9201,1925,2016,3.1
200920,200,"UKG",945,5,920,"NEW",9201,1925,1974,3.1
200920,200,"UKG",955,5,920,"NEW",9253,1920,1969,3.1
220935,220,"FRN",930,4,935,"VAN",0,1981,2016,3.1
220940,220,"FRN",935,5,940,"SOL",0,1978,1980,3.1
200940,200,"UKG",935,5,940,"SOL",0,1978,1980,3.1
200950,200,"UKG",947,5,950,"FIJ",0,1975,1978,3.1
200950,200,"UKG",945,5,950,"FIJ",0,1970,1974,3.1
220950,220,"FRN",9321,5,950,"FIJ",0,1970,2016,3.1
2983,2,"USA",9720,5,983,"MSI",0,1991,2016,3.1
2987,2,"USA",980,5,987,"FSM",0,1991,1994,3.1
2987,2,"USA",985,5,987,"FSM",0,1991,2016,3.1
2990,2,"USA",991,4,990,"WSM",0,1976,2016,3.1
220990,220,"FRN",9321,5,990,"WSM",0,1976,2016,3.1
920990,920,"NEW",9201,5,990,"WSM",0,1976,2016,3.1
